Data,IdPaese,IdFiscaleIVA,CAP,Comune,Provincia,Descrizione,Quantita,PrezzoUnitario,PrezzoTotale
2022-10-17,IT,babd58f0c450,39040,MONTAGNA,BZ,"ALTO ADIGE DOC GEWUERZTRAMINER 2021 DA 0,75 CORKFREE",6,11.5,69.0
2022-10-17,IT,babd58f0c450,39040,MONTAGNA,BZ,"PETIT MANSENG VIGNETI DELLE DOLOMITI IGT 2021 DA 0,75 CORKFREE",6,15.0,90.0
2022-10-17,IT,babd58f0c450,39040,MONTAGNA,BZ,"ALTO ADIGE DOC PINOT NERO 2020 DA 0,75 CORKFREE",24,16.0,384.0
2022-10-17,IT,babd58f0c450,39040,MONTAGNA,BZ,SCONTO CASSA,-1,-27.15,-27.15
2022-10-17,IT,babd58f0c450,39040,MONTAGNA,BZ,Riga ausiliaria contenente informazioni tecniche e aggiuntive del documento,-1,0.0,0.0
2022-08-31,IT,bfa43bf18608,20123,MILANO,MI,PIADILLAS CLASSICA Ct da 10 conf. da 5 pz,1,20.0,20.0
2020-09-30,IT,3675e51cd12b,20151,Milano,MI,Security,-1,5.81,5.81
2024-08-01,IT,bfa43bf18608,20123,MILANO,MI,Piadillas classica Ct. da 9 conf. x 6 pz.,1,21.6,21.6
2020-01-31,IT,3675e51cd12b,20151,Milano,MI,Security,-1,5.81,5.81
2024-09-30,IT,bfa43bf18608,20123,MILANO,MI,Piadillas classica Ct. da 9 conf. x 6 pz.,1,21.6,21.6
2024-09-30,IT,bfa43bf18608,20123,MILANO,MI,Piadillas classica Ct. da 9 conf. x 6 pz.,1,21.6,21.6
2024-09-30,IT,bfa43bf18608,20123,MILANO,MI,Piadillas classica Ct. da 9 conf. x 6 pz.,1,22.5,22.5
2020-10-31,IT,3675e51cd12b,20151,Milano,MI,Security,-1,5.81,5.81
2021-12-10,IT,20fc5e44e16c,20129,MILANO,MI,PASTI CALDI DEL MESE DI NOVEMBRE,1,1360.65,1360.65
2021-12-10,IT,20fc5e44e16c,20129,MILANO,MI,Riga ausiliaria contenente informazioni tecniche e aggiuntive del documento,-1,0.0,0.0
2024-11-21,IT,1f6f8dc23c89,24050,BARIANO,BG,Ordine Cl. num. 2400515 del 25/11/2024,-1,0.0,0.0
2024-11-21,IT,1f6f8dc23c89,24050,BARIANO,BG,BECK'S CL.33 x 24 Pz.BOTTIGLIA,1,22.96,0.0
2024-11-21,IT,1f6f8dc23c89,24050,BARIANO,BG,COCA COLA LATTINA cl.33 x 24 Pz.,1,16.68,0.0
2024-11-21,IT,1f6f8dc23c89,24050,BARIANO,BG,PECTOL BLISTER LIMONE x 24 Pz.,1,11.28,10.94
2024-11-21,IT,1f6f8dc23c89,24050,BARIANO,BG,PECTOL BLISTER EUCALIPTO x 24 Pz.,1,11.28,10.94
2024-11-21,IT,1f6f8dc23c89,24050,BARIANO,BG,"CASSA TOP LINDOR (72 Pz.+3,5 Kg+1,2 PIST) +Gr.500 OMAGGIO ART.854613",1,268.81,260.75
2024-11-21,IT,1f6f8dc23c89,24050,BARIANO,BG,MARS Gr.51 x 32 Pz.,1,24.32,20.64
2024-11-21,IT,1f6f8dc23c89,24050,BARIANO,BG,FRISK PEPPERMINT NEW BOX x 12 Pz.,1,9.84,9.54
2024-11-21,IT,1f6f8dc23c89,24050,BARIANO,BG,VIGORSOL STICKS AIR-ACTION x 40 Pz.,1,30.11,29.21
2024-11-21,IT,1f6f8dc23c89,24050,BARIANO,BG,LION CLASSICO Gr.42 x 24 Pz.,1,18.24,15.48
2024-11-21,IT,1f6f8dc23c89,24050,BARIANO,BG,OREO CLASSICO Gr.66 x 20 Pz. ART.4033941,1,17.3,16.78
2022-08-30,IT,618ba9486455,53013,GAIOLE IN CHIANTI,SI,Ns. doc.(DTVIT) n.:1957/1 29/08/2022,-1,0.0,0.0
2022-08-30,IT,618ba9486455,53013,GAIOLE IN CHIANTI,SI,R.(ORDCL) OC I-8588 02/08/22,-1,0.0,0.0
2022-08-30,IT,618ba9486455,53013,GAIOLE IN CHIANTI,SI,Castello di Ama 2006 1500 Riserva Chianti Classico Riserva D.O.C.G.,1,210.0,210.0
2022-08-30,IT,618ba9486455,53013,GAIOLE IN CHIANTI,SI,Castello di Ama San Lorenzo 2011 1500 Chianti Classico Gran Selezione D.O.C.G.,1,210.0,210.0
2022-08-30,IT,618ba9486455,53013,GAIOLE IN CHIANTI,SI,IGT Haiku 2009 0750,1,192.0,192.0
2022-08-30,IT,618ba9486455,53013,GAIOLE IN CHIANTI,SI,Vigneto Bellavista 2011 1500 Gran. Sel. Chianti Classico Gran Selezione D.O.C.G.,3,335.0,1005.0
2022-08-30,IT,618ba9486455,53013,GAIOLE IN CHIANTI,SI,Vigneto La Casuccia 2011 1500 Gran. Sel. Chianti Classico Gran Selezione D.O.C.G.,3,335.0,1005.0
2022-08-30,IT,618ba9486455,53013,GAIOLE IN CHIANTI,SI,"IGT L'Apparita 2009 1500 (red wine - 13,5% vol.)",3,335.0,1005.0
2022-08-30,IT,618ba9486455,53013,GAIOLE IN CHIANTI,SI,****************************************,-1,0.0,0.0
2022-08-30,IT,618ba9486455,53013,GAIOLE IN CHIANTI,SI,CONSEGNA AL PIANO DALLE 7,-1,0.0,0.0
2022-08-30,IT,618ba9486455,53013,GAIOLE IN CHIANTI,SI,ALLE 11:30,-1,0.0,0.0
2022-08-30,IT,618ba9486455,53013,GAIOLE IN CHIANTI,SI,PREAVVISARE AL 3402216779,-1,0.0,0.0
2022-08-30,IT,618ba9486455,53013,GAIOLE IN CHIANTI,SI,N. 1 PLT 80X60X40,-1,0.0,0.0
2022-08-30,IT,618ba9486455,53013,GAIOLE IN CHIANTI,SI,Sconto,1,-108.81,-108.81
2022-08-30,IT,618ba9486455,53013,GAIOLE IN CHIANTI,SI,Riga ausiliaria contenente informazioni tecniche e aggiuntive del documento,-1,0.0,0.0
2023-04-04,IT,bfa43bf18608,20123,MILANO,MI,Piadillas classica Ct. da 9 conf. x 6 pz.,1,21.6,21.6
2023-04-04,IT,bfa43bf18608,20123,MILANO,MI,Piadillas classica Ct. da 9 conf. x 6 pz.,1,21.6,21.6
2023-04-04,IT,bfa43bf18608,20123,MILANO,MI,Piadillas classica Ct. da 9 conf. x 6 pz.,1,21.6,21.6
2022-11-26,IT,f6fc68940c8e,20010,POGLIANO MILANESE,MI,750 GR PANETTONE PERE E CIOCCOLATO CORSINI 6,6,9.045,54.27
2022-11-26,IT,f6fc68940c8e,20010,POGLIANO MILANESE,MI,750 GR PANETTONE RICETTA ARTIGIANALE  CLASSICO CORSINI,3,9.04666667,27.14
2022-11-26,IT,f6fc68940c8e,20010,POGLIANO MILANESE,MI,750 GR PANETTONE MARRON GLACE INCARTO ORO CORSINI 6,3,9.04666667,27.14
2022-11-26,IT,f6fc68940c8e,20010,POGLIANO MILANESE,MI,750 GR VENEZIANA INCARTATA COVA 6,3,9.04666667,27.14
2022-11-26,IT,f6fc68940c8e,20010,POGLIANO MILANESE,MI,750 GR BLU PANETTONE RICETTA ARTIGIANALE  CLASSICO CORSINI,3,9.04333333,27.13
2022-11-26,IT,f6fc68940c8e,20010,POGLIANO MILANESE,MI,"T1 - CONTANTE: 180,00",-1,0.0,0.0
2022-11-26,IT,f6fc68940c8e,20010,POGLIANO MILANESE,MI,RESTO,-1,0.0,0.0
2021-12-31,IT,20fc5e44e16c,20129,MILANO,MI,PASTI CALDI DEL MESE DI DICEMBRE,1,977.2,977.2
2021-12-31,IT,20fc5e44e16c,20129,MILANO,MI,Riga ausiliaria contenente informazioni tecniche e aggiuntive del documento,-1,0.0,0.0
2024-12-03,IT,1f6f8dc23c89,24050,BARIANO,BG,Ordine Cl. num. 2400571 del 02/12/2024,-1,0.0,0.0
2024-12-03,IT,1f6f8dc23c89,24050,BARIANO,BG,KINDER MAXI Gr.21 x 36 Pz.,1,20.73,20.11
2024-12-03,IT,1f6f8dc23c89,24050,BARIANO,BG,DUPLO NOCCIOLATO LEGGERO x 24 Pz.,1,20.07,19.47
2024-12-03,IT,1f6f8dc23c89,24050,BARIANO,BG,KINDER CEREALI x 40 Pz.,1,27.26,26.44
2024-12-03,IT,1f6f8dc23c89,24050,BARIANO,BG,POCKET COFFEE T.5 x 32 Pz.,1,56.5,54.81
2024-12-03,IT,1f6f8dc23c89,24050,BARIANO,BG,M&M's PEANUT Gr.45 x 24 Pz.(GIALLO),1,18.24,15.92
2024-12-03,IT,1f6f8dc23c89,24050,BARIANO,BG,"KIT KAT CLASSICO Gr.41,5 x 24 Pz.",1,18.24,15.92
2024-12-03,IT,1f6f8dc23c89,24050,BARIANO,BG,OREO CLASSICO Gr.66 x 20 Pz. ART.4033941,1,17.3,16.78
2022-12-31,IT,20fc5e44e16c,20129,MILANO,MI,PASTI CALDI DEL MESE DI DICEMBRE,1,1325.3,1325.3
2022-12-31,IT,20fc5e44e16c,20129,MILANO,MI,Riga ausiliaria contenente informazioni tecniche e aggiuntive del documento,-1,0.0,0.0
2023-01-28,IT,4dfb4b40ce2e,38060,Villa Lagarina,TN,** Rif. Doc. di trasporto 29 del 28/01/2023:,-1,0.0,0.0
2023-01-28,IT,4dfb4b40ce2e,38060,Villa Lagarina,TN,** Rif. Conferma d'ordine 19 del 23/01/2023:,-1,0.0,0.0
2023-01-28,IT,4dfb4b40ce2e,38060,Villa Lagarina,TN,** Rif. Documento 2/15 del 27/01/2023:,-1,0.0,0.0
2023-01-28,IT,4dfb4b40ce2e,38060,Villa Lagarina,TN,CA' de VILA Marzemino Trentino Superiore DOC 750ml,6,8.6,51.6
2023-01-28,IT,4dfb4b40ce2e,38060,Villa Lagarina,TN,CA' de VILA Pinot nero Trentino DOC 750ml,12,9.8,117.6
2023-01-28,IT,4dfb4b40ce2e,38060,Villa Lagarina,TN,CA' de VILA Pinot bianco Trentino DOC 750ml,12,8.8,105.6
2023-01-28,IT,4dfb4b40ce2e,38060,Villa Lagarina,TN,CA' de VILA Metodo classico Trento DOC 750ml,6,16.0,96.0
2023-01-28,IT,4dfb4b40ce2e,38060,Villa Lagarina,TN,CA' de VILA Lagrein Vallagarina IGT 750ml - OMAGGIO,6,9.7,0.0
2023-01-28,IT,4dfb4b40ce2e,38060,Villa Lagarina,TN,Consegna dal lunedi al venerdi dalle 9-12 / 14-18 Sig. Marco 340 2216779,-1,0.0,0.0
2023-01-28,IT,4dfb4b40ce2e,38060,Villa Lagarina,TN,-,-1,0.0,0.0
2022-10-17,IT,88e63513fef4,34070,MARIANO DEL FRIULI,GO,"Flors di uis 2017 Doc Friuli Isonzo bianco bt. 0,75",18,17.4,297.54
2022-10-17,IT,88e63513fef4,34070,MARIANO DEL FRIULI,GO,"Dis cumieris 2016 Doc Friuli Isonzo Malvasia bt. 0,75",6,18.2,103.74
2022-11-14,IT,e78f825ac7c5,12040,PIOBESI D'ALBA,CN,BARBARESCO DOCG 18 GARASSINO,12,19.0,228.0
2022-11-14,IT,e78f825ac7c5,12040,PIOBESI D'ALBA,CN,BARBERA D'ALBA DOC 18 SUP. BRIC QUERCIA,6,10.5,63.0
2022-11-14,IT,e78f825ac7c5,12040,PIOBESI D'ALBA,CN,BARBARESCO DOCG 16 RIS BORDINO,6,29.5,177.0
2022-11-14,IT,e78f825ac7c5,12040,PIOBESI D'ALBA,CN,NEBBIOLO D'ALBA DOC 20,6,8.6,51.6
2022-11-14,IT,e78f825ac7c5,12040,PIOBESI D'ALBA,CN,DOLCETTO D'ALBA DOC 21,6,6.9,0.0
2022-11-14,IT,e78f825ac7c5,12040,PIOBESI D'ALBA,CN,"TOTALE IMPORTO CONTRASSEGNO EURO 621,24.",-1,0.0,0.0
2022-11-14,IT,e78f825ac7c5,12040,PIOBESI D'ALBA,CN,Sconto,-1,-10.39,-10.39
2023-09-25,IT,271c9545d265,40124,BOLOGNA,BO,DDT nr 0005259 del 22/09/2023,-1,0.0,0.0
2023-09-25,IT,271c9545d265,40124,BOLOGNA,BO,CONSEGNATO A: WINE BAR MF DI ACQUAVIVA MARCO & C - VIA FILIPPO CORRIDONI 41 - 20122 - MILANO (MI),-1,0.0,0.0
2023-09-25,IT,271c9545d265,40124,BOLOGNA,BO,NUMERO VS ORDINE: I-5185 del 14/09/2023,-1,0.0,0.0
2023-09-25,IT,271c9545d265,40124,BOLOGNA,BO,DE CASTELLANE BRUT 75CL,18,23.0,372.6
2023-09-25,IT,271c9545d265,40124,BOLOGNA,BO,Applicazione sconti piede,-1,-11.18,-11.18
2023-09-25,IT,271c9545d265,40124,BOLOGNA,BO,DE CASTELLANE BRUT MAGNUM,3,50.0,135.0
2023-09-25,IT,271c9545d265,40124,BOLOGNA,BO,Applicazione sconti piede,-1,-4.05,-4.05
2023-09-25,IT,271c9545d265,40124,BOLOGNA,BO,LAURENT-PERRIER CUVÉE ROSÉ 75CL,6,55.8,271.19
2023-09-25,IT,271c9545d265,40124,BOLOGNA,BO,Applicazione sconti piede,-1,-8.14,-8.14
2023-09-25,IT,271c9545d265,40124,BOLOGNA,BO,LAURENT-PERRIER CUVÉE ROSÉ 75CL IN ASTUCCIO RUBAN,6,58.0,281.88
2023-09-25,IT,271c9545d265,40124,BOLOGNA,BO,Applicazione sconti piede,-1,-8.45,-8.45
2023-09-25,IT,271c9545d265,40124,BOLOGNA,BO,CONSEGNA DALLE 10 ALLE 12 E DALLE 15 ALLE 18,-1,0.0,0.0
2023-09-25,IT,271c9545d265,40124,BOLOGNA,BO,GL 71 BOTTIGLIA Raccolta Vetro FOR 51 TAPPO Raccolta differenziata dedicata C/PET 90 CAPSULA Raccolta plastica FE 40 GABBIETTA Raccolta Acciaio C/ALU 90 LAMINA Raccolta Alluminio PAP 20 CARTONE Raccolta Carta FOR 50 CASSETTA Raccolta differenziata dedicata FOR 50 PALLET Raccolta differenziata dedicata  Assolve agli obblighi di cui alla direttiva UE 2019/633 con l?entrata in vigore del nuovo Decreto Legislativo 198/2021,-1,0.0,0.0
2021-12-20,IT,babd58f0c450,39040,MONTAGNA,BZ,"ALTO ADIGE DOC GEWUERZTRAMINER 2020 DA 0,75 CORKFREE",18,10.8,194.4
2021-12-20,IT,babd58f0c450,39040,MONTAGNA,BZ,"ALTO ADIGE DOC PINOT NERO 2019 DA 0,75 CORKFREE",18,14.5,261.0
2021-12-20,IT,babd58f0c450,39040,MONTAGNA,BZ,SCONTO CASSA,-1,-22.77,-22.77
2021-12-20,IT,babd58f0c450,39040,MONTAGNA,BZ,Riga ausiliaria contenente informazioni tecniche e aggiuntive del documento,-1,0.0,0.0
2022-05-10,IT,20fc5e44e16c,20129,MILANO,MI,PASTI CALDI DEL MESE DI APRILE,1,1027.4,1027.4
2022-05-10,IT,20fc5e44e16c,20129,MILANO,MI,Riga ausiliaria contenente informazioni tecniche e aggiuntive del documento,-1,0.0,0.0
2022-02-03,IT,b35405fa04ce,39040,TRAMIN AN DER WEINSTRAßE,BZ,Alto Adige Chardonnay Doc 2021,18,7.2,124.42
2022-02-03,IT,b35405fa04ce,39040,TRAMIN AN DER WEINSTRAßE,BZ,Alto Adige Lagrein Doc 2020,6,7.8,44.93
2022-02-03,IT,b35405fa04ce,39040,TRAMIN AN DER WEINSTRAßE,BZ,SELIDA A.A. Gewürztraminer Doc 2021,18,9.2,158.98
2022-02-03,IT,b35405fa04ce,39040,TRAMIN AN DER WEINSTRAßE,BZ,HEXENBICHLER A.A. Schiava Doc 2021,6,7.5,43.2
2023-04-30,IT,bfa43bf18608,20123,MILANO,MI,Piadillas classica Ct. da 9 conf. x 6 pz.,1,21.6,21.6
2023-04-30,IT,bfa43bf18608,20123,MILANO,MI,Piadillas classica Ct. da 9 conf. x 6 pz.,1,21.6,21.6
2022-02-15,IT,ac733fe14c11,25010,SIRMIONE,BS,DDT n. 001092/T - 15/02/2022,-1,0.0,0.0
2022-02-15,IT,ac733fe14c11,25010,SIRMIONE,BS,Rif. Ordine 001361 del 15/02/2022,-1,0.0,0.0
2022-02-15,IT,ac733fe14c11,25010,SIRMIONE,BS,CUVEE' dei FRATI Brut VSQ bianco M.class,60,10.0,600.0
2022-02-15,IT,ac733fe14c11,25010,SIRMIONE,BS,CUVEE' dei FRATI Brut VSQ bianco M.class,6,10.0,0.0
2022-02-15,IT,ac733fe14c11,25010,SIRMIONE,BS,Sconti finali - 5.00%,-1,-30.0,-30.0
2022-02-15,IT,ac733fe14c11,25010,SIRMIONE,BS,Sconto merce di 60.00 escluso dalla base imponibile ai sensi dell'Art.15/2 DPR 633/72,-1,0.0,0.0
2022-02-15,IT,ac733fe14c11,25010,SIRMIONE,BS,AL PIANO H 7/11.30+15.30/18,-1,0.0,0.0
2022-02-15,IT,ac733fe14c11,25010,SIRMIONE,BS,Corrispettivo comprensivo del Contributo ambientale Conai già assolto,-1,0.0,0.0
2024-10-28,IT,271c9545d265,40124,BOLOGNA,BO,DDT nr 0005945 del 25/10/2024,-1,0.0,0.0
2024-10-28,IT,271c9545d265,40124,BOLOGNA,BO,CONSEGNATO A: WINE BAR MF DI ACQUAVIVA MARCO & C - VIA FILIPPO CORRIDONI 41 - 20122 - MILANO (MI),-1,0.0,0.0
2024-10-28,IT,271c9545d265,40124,BOLOGNA,BO,NUMERO VS ORDINE: 4340/25 del 07/10/2024,-1,0.0,0.0
2024-10-28,IT,271c9545d265,40124,BOLOGNA,BO,DE CASTELLANE BRUT 75CL,18,23.5,380.7
2024-10-28,IT,271c9545d265,40124,BOLOGNA,BO,Applicazione sconti piede,-1,-19.04,-19.04
2024-10-28,IT,271c9545d265,40124,BOLOGNA,BO,CONSEGNA DALLE 10 ALLE 12 E DALLE 15 ALLE 18,-1,0.0,0.0
2024-10-28,IT,271c9545d265,40124,BOLOGNA,BO,Assolve agli obblighi di cui alla direttiva UE 2019/633 con l?entrata in vigore del nuovo Decreto Legislativo 198/2021,-1,0.0,0.0
2024-06-30,IT,bfa43bf18608,20123,MILANO,MI,Piadillas classica Ct. da 9 conf. x 6 pz.,1,21.5,21.5
2020-11-05,IT,56a5335c9fce,20010,Bareggio,MI,SHOPPERS 27X50 COMPOST 4KG,1,29.9,29.9
2022-07-10,IT,20fc5e44e16c,20129,MILANO,MI,PASTI CALDI DEL MESE DI GIUGNO,1,902.0,902.0
2022-07-10,IT,20fc5e44e16c,20129,MILANO,MI,Riga ausiliaria contenente informazioni tecniche e aggiuntive del documento,-1,0.0,0.0
2022-06-10,IT,20fc5e44e16c,20129,MILANO,MI,PASTI CALDI DEL MESE DI MAGGIO,1,1003.8,1003.8
2022-06-10,IT,20fc5e44e16c,20129,MILANO,MI,Riga ausiliaria contenente informazioni tecniche e aggiuntive del documento,-1,0.0,0.0
2020-02-20,IT,20fc5e44e16c,20129,MILANO,MI,- PASTI CALDI DEL MESE DI GENNAIO,1,1030.1,1030.1
2020-02-20,IT,20fc5e44e16c,20129,MILANO,MI,Riga ausiliaria contenente informazioni tecniche e aggiuntive del documento,-1,0.0,0.0
2024-10-22,IT,1f6f8dc23c89,24050,BARIANO,BG,Ordine Cl. num. 2400208 del 21/10/2024,-1,0.0,0.0
2024-10-22,IT,1f6f8dc23c89,24050,BARIANO,BG,"LUPO ALBERTO x 200 PZ.V.0,20",1,28.91,28.04
2024-10-22,IT,1f6f8dc23c89,24050,BARIANO,BG,TWIX Gr.50 x 25 Pz.,1,19.0,16.13
2024-10-22,IT,1f6f8dc23c89,24050,BARIANO,BG,BOUNTY Gr.57 x 24 Pz.,1,18.24,15.48
2024-10-22,IT,1f6f8dc23c89,24050,BARIANO,BG,M&M's PEANUT Gr.45 x 24 Pz.(GIALLO),1,18.24,15.48
2024-10-22,IT,1f6f8dc23c89,24050,BARIANO,BG,TWIX CARAMELLO SALATO Gr.46 x 32 Pz.,1,24.32,20.64
2024-10-22,IT,1f6f8dc23c89,24050,BARIANO,BG,BE-KIND CLASSICI ESPOSITORE  x 36 Pz.ASSORTITO,1,49.86,48.36
2024-10-22,IT,1f6f8dc23c89,24050,BARIANO,BG,"KIT KAT CLASSICO Gr.41,5 x 24 Pz.",1,18.24,15.48
2024-10-22,IT,1f6f8dc23c89,24050,BARIANO,BG,MIKADO LATTE Gr.39 x 24 Pz. ART.676640,1,25.2,0.0
2024-10-22,IT,1f6f8dc23c89,24050,BARIANO,BG,MIKADO ESPOSITORE Gr.39 x 48 Pz. ART.4086289,1,50.4,48.89
2024-10-22,IT,1f6f8dc23c89,24050,BARIANO,BG,BROWNIE MILKA SOFT CAKE Gr.50 x 24 Pz. ART.4050928,1,19.8,19.21
2024-10-22,IT,1f6f8dc23c89,24050,BARIANO,BG,ORO CIOK LATTE Gr.25 x 30 Pz. ART.4005929,1,13.95,13.53
2024-10-22,IT,1f6f8dc23c89,24050,BARIANO,BG,MILKA COOKIES SENSATION Gr.52 x 24 Pz. ART.4033559,1,20.52,19.9
2024-10-22,IT,1f6f8dc23c89,24050,BARIANO,BG,OREO CLASSICO Gr.66 x 20 Pz. ART.4033941,1,17.3,16.78
2020-11-30,IT,56a5335c9fce,20010,Bareggio,MI,** Rif. Doc. di trasporto 532 del 26/11/2020:,-1,0.0,0.0
2020-11-30,IT,56a5335c9fce,20010,Bareggio,MI,PROSCIUTTO CRUDO DOLCEVALLE MEC S/OSSO,6,8.2,53.38
2020-11-30,IT,56a5335c9fce,20010,Bareggio,MI,TOVAGLIOLI BIANCO 33X33 2 VELI PZ50,48,0.55,26.4
2019-09-30,IT,3675e51cd12b,20151,Milano,MI,Security,-1,5.81,5.81
2023-03-12,IT,20fc5e44e16c,20129,MILANO,MI,PASTI CALDI DEL MESE DI FEBBRAIO,1,1445.4,1445.4
2023-03-12,IT,20fc5e44e16c,20129,MILANO,MI,Riga ausiliaria contenente informazioni tecniche e aggiuntive del documento,-1,0.0,0.0
2021-12-02,IT,ac733fe14c11,25010,SIRMIONE,BS,DDT n. 014863/T - 02/12/2021,-1,0.0,0.0
2021-12-02,IT,ac733fe14c11,25010,SIRMIONE,BS,Rif. Ordine 015309 del 29/09/2021,-1,0.0,0.0
2021-12-02,IT,ac733fe14c11,25010,SIRMIONE,BS,I FRATI Lugana DOC 2020 vino bianco,36,6.6,237.6
2021-12-02,IT,ac733fe14c11,25010,SIRMIONE,BS,BROLETTINO Lugana DOC 2020 vino bianco,36,8.9,320.4
2021-12-02,IT,ac733fe14c11,25010,SIRMIONE,BS,PIETRO DAL CERO AMARONE D./VALP. DOCG '15 C1,12,38.0,456.0
2021-12-02,IT,ac733fe14c11,25010,SIRMIONE,BS,PIETRO DAL CERO AMARONE D./VALP. DOCG '15 C1,3,38.0,0.0
2021-12-02,IT,ac733fe14c11,25010,SIRMIONE,BS,RONCHEDONE 2019 vino rosso,12,9.5,114.0
2021-12-02,IT,ac733fe14c11,25010,SIRMIONE,BS,CONS ENTRO 6/12/2021 C/O,-1,0.0,0.0
2021-12-02,IT,ac733fe14c11,25010,SIRMIONE,BS,MARTISS,-1,0.0,0.0
2021-12-02,IT,ac733fe14c11,25010,SIRMIONE,BS,"VIA ABBONDIO SAN GIORGIO, 2",-1,0.0,0.0
2021-12-02,IT,ac733fe14c11,25010,SIRMIONE,BS,20145 MILANO,-1,0.0,0.0
2021-12-02,IT,ac733fe14c11,25010,SIRMIONE,BS,H 9/18,-1,0.0,0.0
2021-12-02,IT,ac733fe14c11,25010,SIRMIONE,BS,Sconti finali - 5.00%,-1,-56.4,-56.4
2021-12-02,IT,ac733fe14c11,25010,SIRMIONE,BS,Sconto merce di 114.00 escluso dalla base imponibile ai sensi dell'Art.15/2 DPR 633/72,-1,0.0,0.0
2021-12-02,IT,ac733fe14c11,25010,SIRMIONE,BS,AL PIANO H 7/11.30+15.30/18,-1,0.0,0.0
2021-12-02,IT,ac733fe14c11,25010,SIRMIONE,BS,Corrispettivo comprensivo del Contributo ambientale Conai già assolto,-1,0.0,0.0
2022-01-31,IT,bfa43bf18608,20123,MILANO,MI,PIADILLAS CLASSICA Ct da 10 conf. da 5 pz,1,20.0,20.0
2022-01-31,IT,bfa43bf18608,20123,MILANO,MI,PIADILLAS CLASSICA Ct da 10 conf. da 5 pz,1,20.0,20.0
2022-01-31,IT,bfa43bf18608,20123,MILANO,MI,Crostatina marmellata mix 9 pz.,1,7.0,7.0
2022-01-31,IT,bfa43bf18608,20123,MILANO,MI,ROSCERINA MIX CONF 9 PZ,1,7.0,7.0
2022-01-31,IT,bfa43bf18608,20123,MILANO,MI,PIADILLAS CLASSICA Ct da 10 conf. da 5 pz,1,20.0,20.0
2023-08-10,IT,20fc5e44e16c,20129,MILANO,MI,PASTI CALDI DEL MESE DI LUGLIO,1,1249.0,1249.0
2023-08-10,IT,20fc5e44e16c,20129,MILANO,MI,Riga ausiliaria contenente informazioni tecniche e aggiuntive del documento,-1,0.0,0.0
2021-01-31,IT,3675e51cd12b,20151,Milano,MI,Security,-1,5.81,5.81
2022-05-16,IT,85a9d22cc876,20123,Milano,MI,DR4101 AST.50G ORIGINALE ERBE BALS 20,1,25.65,25.65
2022-05-16,IT,85a9d22cc876,20123,Milano,MI,DR4104 AST.50G RIBES NERO 20,1,25.65,25.65
2022-05-16,IT,85a9d22cc876,20123,Milano,MI,DR4105 AST.50G ARANCIA MENTA 20,1,25.65,25.65
2022-05-16,IT,85a9d22cc876,20123,Milano,MI,DR4106 AST.50G FIORI DI SAMBUCO 20,1,25.65,25.65
2022-05-16,IT,85a9d22cc876,20123,Milano,MI,DR4110 AST.50G LIQUIRIZIA 20,1,25.65,25.65
2022-05-16,IT,85a9d22cc876,20123,Milano,MI,S00290 BORSA SPESA AG,2,0.0,0.0
2022-05-16,IT,85a9d22cc876,20123,Milano,MI,DR4115 AST.50G BALSAMO DI PINOX 20,1,0.0,0.0
2022-09-10,IT,20fc5e44e16c,20129,MILANO,MI,PASTI CALDI DEL MESE DI AGOSTO,1,159.2,159.2
2022-09-10,IT,20fc5e44e16c,20129,MILANO,MI,Riga ausiliaria contenente informazioni tecniche e aggiuntive del documento,-1,0.0,0.0
2020-10-21,IT,20fc5e44e16c,20129,MILANO,MI,- PASTI CALDI DEL MESE DI SETTEMBRE,1,769.6,769.6
2020-10-21,IT,20fc5e44e16c,20129,MILANO,MI,Riga ausiliaria contenente informazioni tecniche e aggiuntive del documento,-1,0.0,0.0
2020-09-30,IT,bfa43bf18608,20123,MILANO,MI,PA02/N PIADILLAS CLASSICA Ct da 10 conf. da 5 pz,1,18.0,18.0
2020-09-30,IT,bfa43bf18608,20123,MILANO,MI,SAN SANWICH classico conf. singola,3,1.1,3.3
2020-09-30,IT,bfa43bf18608,20123,MILANO,MI,PA02/N PIADILLAS CLASSICA Ct da 10 conf. da 5 pz,1,18.0,18.0
2019-10-31,IT,3675e51cd12b,20151,Milano,MI,Security,-1,5.81,5.81
2022-08-10,IT,20fc5e44e16c,20129,MILANO,MI,PASTI CALDI DEL MESE DI LUGLIO,1,662.4,662.4
2022-08-10,IT,20fc5e44e16c,20129,MILANO,MI,Riga ausiliaria contenente informazioni tecniche e aggiuntive del documento,-1,0.0,0.0
2021-12-10,IT,1237d92cb81b,14046,MOMBARUZZO,AT,VALDAVI GR40 CL70 ITALIA,12,11.7261,140.71
2021-12-10,IT,1237d92cb81b,14046,MOMBARUZZO,AT,ACCISE-ALCOLE-GRAPPE-LIQUORI,0,1035.52,34.79
2021-12-10,IT,1237d92cb81b,14046,MOMBARUZZO,AT,"CONTRASSEGNI-TIPO C FINO A 0,70 L",12,0.047,0.56
2021-12-10,IT,1237d92cb81b,14046,MOMBARUZZO,AT,MONPRA INVECCHIATA GR40 CL70 ITALIA,6,11.9261,71.56
2021-12-10,IT,1237d92cb81b,14046,MOMBARUZZO,AT,ACCISE-ALCOLE-GRAPPE-LIQUORI,0,1035.52,17.4
2021-12-10,IT,1237d92cb81b,14046,MOMBARUZZO,AT,"CONTRASSEGNI-TIPO C FINO A 0,70 L",6,0.047,0.28
2021-12-10,IT,1237d92cb81b,14046,MOMBARUZZO,AT,L ANGELO INVECCH GR40 CL70 ITALIA,6,11.9261,71.56
2021-12-10,IT,1237d92cb81b,14046,MOMBARUZZO,AT,ACCISE-ALCOLE-GRAPPE-LIQUORI,0,1035.52,17.4
2021-12-10,IT,1237d92cb81b,14046,MOMBARUZZO,AT,"CONTRASSEGNI-TIPO C FINO A 0,70 L",6,0.047,0.28
2021-12-10,IT,1237d92cb81b,14046,MOMBARUZZO,AT,Sconto,-1,-14.19,-14.19
2021-12-10,IT,1237d92cb81b,14046,MOMBARUZZO,AT,Riga ausiliaria contenente informazioni tecniche e aggiuntive del documento,-1,0.0,0.0
2021-10-10,IT,20fc5e44e16c,20129,MILANO,MI,PASTI CALDI DEL MESE DI SETTEMBRE,1,980.25,980.25
2021-10-10,IT,20fc5e44e16c,20129,MILANO,MI,Riga ausiliaria contenente informazioni tecniche e aggiuntive del documento,-1,0.0,0.0
2021-10-06,IT,a8a4c82494d0,70056,MOLFETTA,BA,DdT num. 100 del 06/10/2021,-1,0.0,0.0
2021-10-06,IT,a8a4c82494d0,70056,MOLFETTA,BA,FATTURA PROFORMA NUM.3 DEL 14/09/2021  ,-1,0.0,0.0
2021-10-06,IT,a8a4c82494d0,70056,MOLFETTA,BA,Ordine Cl. num. 238 del 14/09/2021,-1,0.0,0.0
2021-10-06,IT,a8a4c82494d0,70056,MOLFETTA,BA,"BT 10cl OEVO BOTTIGLIA 0,100 LT OLIO EXTRAVERGINE DI OLIVA ""COPPADORO"" PRODOTTO ITALIANO",3,2.9,8.7
2021-10-06,IT,a8a4c82494d0,70056,MOLFETTA,BA,"BT 25cl OEVO BOTTIGLIA 0.250LT OLIO EXTRAVERGINE DI OLIVA ""COPPADORO"" PRODOTTO ITALIANO",5,5.4,27.0
2021-10-06,IT,a8a4c82494d0,70056,MOLFETTA,BA,"BT 50cl OEVO BOTTIGLIA 0,500LT OLIO EXTRAVERGINE DI OLIVA ""COPPADORO"" PRODOTTO ITALIANO",5,9.45,47.25
2021-10-06,IT,a8a4c82494d0,70056,MOLFETTA,BA,"BT 10cl OEVO BOTTIGLIA 0,100LT OLIO EXTRAVERGINE DI OLIVA ""ZURLO"" PRODOTTO ITALIANO",3,2.9,8.7
2021-10-06,IT,a8a4c82494d0,70056,MOLFETTA,BA,"BT 25cl OEVO BOTTIGLIA 0,250LT OLIO EXTRAVERGINE DI OLIVA ""ZURLO"" PRODOTTO ITALIANO",5,5.4,27.0
2021-10-06,IT,a8a4c82494d0,70056,MOLFETTA,BA,"BT 50cl OEVO BOTTIGLIA 0,500LT OLIO EXTRAVERGINE DI OLIVA ""ZURLO"" PRODOTTO ITALIANO",5,9.45,47.25
2021-10-06,IT,a8a4c82494d0,70056,MOLFETTA,BA,"BT 10cl OEVO BOTTIGLIA 0,100LT OLIO EXTRAVERGINE DI OLIVA ""FARESSE"" PRODOTTO ITALIANO",3,2.9,8.7
2021-10-06,IT,a8a4c82494d0,70056,MOLFETTA,BA,"BT 25cl OEVO BOTTIGLIA 0,250LT OLIO EXTRAVERGINE DI OLIVA ""FARESSE"" PRODOTTO ITALIANO",5,5.4,27.0
2021-10-06,IT,a8a4c82494d0,70056,MOLFETTA,BA,"BT 50cl OEVO BOTTIGLIA 0,500LT OLIO EXTRAVERGINE DI OLIVA ""FARESSE"" PRODOTTO ITALIANO",5,9.45,47.25
2022-04-30,IT,bfa43bf18608,20123,MILANO,MI,Roscerine Ct. da 9 pz,1,7.0,7.0
2022-04-30,IT,bfa43bf18608,20123,MILANO,MI,PIADILLAS CLASSICA Ct da 10 conf. da 5 pz,1,20.0,20.0
2022-04-30,IT,bfa43bf18608,20123,MILANO,MI,PIADILLAS CLASSICA Ct da 10 conf. da 5 pz,1,20.0,20.0
2022-04-30,IT,bfa43bf18608,20123,MILANO,MI,PIADILLAS CLASSICA Ct da 10 conf. da 5 pz,1,20.0,20.0
2022-04-30,IT,bfa43bf18608,20123,MILANO,MI,Roscerine Ct. da 9 pz,1,7.0,7.0
2024-11-18,IT,271c9545d265,40124,BOLOGNA,BO,DDT nr 0006581 del 15/11/2024,-1,0.0,0.0
2024-11-18,IT,271c9545d265,40124,BOLOGNA,BO,CONSEGNATO A: WINE BAR MF DI ACQUAVIVA MARCO & C - VIA FILIPPO CORRIDONI 41 - 20122 - MILANO (MI),-1,0.0,0.0
2024-11-18,IT,271c9545d265,40124,BOLOGNA,BO,NUMERO VS ORDINE: 06261830969 del 06/11/2024,-1,0.0,0.0
2024-11-18,IT,271c9545d265,40124,BOLOGNA,BO,LAURENT-PERRIER LA CUVÉE 75CL IN ASTUCCIO DA 2,3,76.0,184.68
2024-11-18,IT,271c9545d265,40124,BOLOGNA,BO,Applicazione sconti piede,-1,-9.23,-9.23
2024-11-18,IT,271c9545d265,40124,BOLOGNA,BO,LAURENT-PERRIER LA CUVÉE 75CL IN ASTUCCIO DORÉ,12,36.25,352.35
2024-11-18,IT,271c9545d265,40124,BOLOGNA,BO,Applicazione sconti piede,-1,-17.62,-17.62
2024-11-18,IT,271c9545d265,40124,BOLOGNA,BO,LAURENT-PERRIER LA CUVÉE MAGNUM IN ASTUCCIO,3,81.0,196.83
2024-11-18,IT,271c9545d265,40124,BOLOGNA,BO,Applicazione sconti piede,-1,-9.84,-9.84
2024-11-18,IT,271c9545d265,40124,BOLOGNA,BO,LAURENT-PERRIER ULTRA BRUT 75CL IN ASTUCCIO,6,53.3,259.04
2024-11-18,IT,271c9545d265,40124,BOLOGNA,BO,Applicazione sconti piede,-1,-12.95,-12.95
2024-11-18,IT,271c9545d265,40124,BOLOGNA,BO,LAURENT-PERRIER BRUT RÉSERVE HÉRITAGE 75CL IN ASTUCCIO,6,50.4,244.94
2024-11-18,IT,271c9545d265,40124,BOLOGNA,BO,Applicazione sconti piede,-1,-12.25,-12.25
2024-11-18,IT,271c9545d265,40124,BOLOGNA,BO,LAURENT-PERRIER MILLÉSIMÉ 2015 75CL IN ASTUCCIO,6,58.5,284.31
2024-11-18,IT,271c9545d265,40124,BOLOGNA,BO,Applicazione sconti piede,-1,-14.22,-14.22
2024-11-18,IT,271c9545d265,40124,BOLOGNA,BO,DE CASTELLANE BRUT MAGNUM,3,51.5,139.05
2024-11-18,IT,271c9545d265,40124,BOLOGNA,BO,Applicazione sconti piede,-1,-6.95,-6.95
2024-11-18,IT,271c9545d265,40124,BOLOGNA,BO,CONSEGNA DALLE 10 ALLE 12 E DALLE 15 ALLE 18,-1,0.0,0.0
2024-11-18,IT,271c9545d265,40124,BOLOGNA,BO,Assolve agli obblighi di cui alla direttiva UE 2019/633 con l?entrata in vigore del nuovo Decreto Legislativo 198/2021,-1,0.0,0.0
2020-03-31,IT,bfa43bf18608,20123,MILANO,MI,FR01 Crostatina marmellata mix 9 pz.,1,7.0,7.0
2020-03-31,IT,bfa43bf18608,20123,MILANO,MI,RO1C Roscerine Ct. da 9 pz,1,7.0,7.0
2023-04-07,IT,271c9545d265,40124,BOLOGNA,BO,DDT nr 1645/00 del 06/04/2023,-1,0.0,0.0
2023-04-07,IT,271c9545d265,40124,BOLOGNA,BO,DdT num. I-0310 del 05/04/2023,-1,0.0,0.0
2023-04-07,IT,271c9545d265,40124,BOLOGNA,BO,Ordine Cl. num. I-0310 del 01/04/2023,-1,0.0,0.0
2023-04-07,IT,271c9545d265,40124,BOLOGNA,BO,DE CASTELLANE BRUT 75CL,12,23.0,248.4
2023-04-07,IT,271c9545d265,40124,BOLOGNA,BO,Applicazione sconti piede,-1,-7.45,-7.45
2023-04-07,IT,271c9545d265,40124,BOLOGNA,BO,LAURENT-PERRIER CUVÉE ROSÉ 75CL,6,55.8,271.19
2023-04-07,IT,271c9545d265,40124,BOLOGNA,BO,Applicazione sconti piede,-1,-8.14,-8.14
2023-04-07,IT,271c9545d265,40124,BOLOGNA,BO,LAURENT-PERRIER LA CUVÉE 75CL,6,33.2,161.35
2023-04-07,IT,271c9545d265,40124,BOLOGNA,BO,Applicazione sconti piede,-1,-4.84,-4.84
2023-04-07,IT,271c9545d265,40124,BOLOGNA,BO,CONSEGNA DALLE 10 ALLE 12 E DALLE 15 ALLE 18,-1,0.0,0.0
2023-04-07,IT,271c9545d265,40124,BOLOGNA,BO,Assolve agli obblighi di cui alla direttiva UE 2019/633 con l?entrata in vigore del nuovo Decreto Legislativo 198/2021,-1,0.0,0.0
2021-10-30,IT,14e4148afb5d,20141,MILANO,MI,CASSA 6 PZ CHATEAU ROUZAUD LUSSAC SAINT EMILION,1,49.1,49.1
2021-10-30,IT,14e4148afb5d,20141,MILANO,MI,CASSA 6 PZ CHATEAU VIEUX GADET MEDOC,1,32.7,32.7
2021-10-30,IT,14e4148afb5d,20141,MILANO,MI,ROBOT DA CUCINA MULTIFUZIONALE MASTERPO BY CRACCO BERGNER,1,106.48,106.48
2021-10-30,IT,14e4148afb5d,20141,MILANO,MI,"T2X - AMERICAN EXPRESS: 229,70",-1,0.0,0.0
2021-09-10,IT,b35405fa04ce,39040,TRAMIN AN DER WEINSTRAßE,BZ,Alto Adige Lagrein Doc 2020,6,7.8,44.93
2021-09-10,IT,b35405fa04ce,39040,TRAMIN AN DER WEINSTRAßE,BZ,Alto Adige Pinot Nero Doc 2020,6,8.8,50.69
2021-09-10,IT,b35405fa04ce,39040,TRAMIN AN DER WEINSTRAßE,BZ,PEPI A.A. Sauvignon Doc 2020,6,10.3,59.33
2021-09-10,IT,b35405fa04ce,39040,TRAMIN AN DER WEINSTRAßE,BZ,SELIDA A.A. Gewürztraminer Doc 2020,12,8.8,101.38
2021-09-10,IT,b35405fa04ce,39040,TRAMIN AN DER WEINSTRAßE,BZ,HEXENBICHLER A.A. Schiava Doc 2020,6,7.0,40.32
2023-10-10,IT,20fc5e44e16c,20129,MILANO,MI,PASTI CALDI DEL MESE DI SETTEMBRE,1,1732.3,1732.3
2023-10-10,IT,20fc5e44e16c,20129,MILANO,MI,Riga ausiliaria contenente informazioni tecniche e aggiuntive del documento,-1,0.0,0.0
2024-11-11,IT,babd58f0c450,39040,MONTAGNA,BZ,"PINOT GRIGIO VIGNETI DELLE DOLOMITI IGT 2023 DA 0,75 CORKFREE",12,8.0,96.0
2024-11-11,IT,babd58f0c450,39040,MONTAGNA,BZ,"ALTO ADIGE DOC GEWUERZTRAMINER 2023 DA 0,75 CORKFREE",6,11.5,69.0
2024-11-11,IT,babd58f0c450,39040,MONTAGNA,BZ,"ALTO ADIGE DOC PINOT NERO 2022 DA 0,75 CORKFREE",18,17.0,306.0
2024-11-11,IT,babd58f0c450,39040,MONTAGNA,BZ,SCONTO CASSA,-1,-23.55,-23.55
2024-11-11,IT,babd58f0c450,39040,MONTAGNA,BZ,Riga ausiliaria contenente informazioni tecniche e aggiuntive del documento,-1,0.0,0.0
2020-12-31,IT,3675e51cd12b,20151,Milano,MI,Security,-1,5.81,5.81
2024-10-08,IT,ac733fe14c11,25010,SIRMIONE,BS,DDT n. 014713/T - 08/10/2024,-1,0.0,0.0
2024-10-08,IT,ac733fe14c11,25010,SIRMIONE,BS,Rif. Ordine 018281 del 02/10/2024,-1,0.0,0.0
2024-10-08,IT,ac733fe14c11,25010,SIRMIONE,BS,CUVEE' dei FRATI Extra Brut VSQ bianco M.class,24,11.5,276.0
2024-10-08,IT,ac733fe14c11,25010,SIRMIONE,BS,CUVEE' dei FRATI ExtraBrut VSQ bianco M.class Mag.,6,25.0,150.0
2024-10-08,IT,ac733fe14c11,25010,SIRMIONE,BS,Sconti finali - 5.00%,-1,-21.3,-21.3
2024-10-08,IT,ac733fe14c11,25010,SIRMIONE,BS,AL PIANO H 9/11.30+14.30/17.30,-1,0.0,0.0
2024-10-08,IT,ac733fe14c11,25010,SIRMIONE,BS,Corrispettivo comprensivo del Contributo ambientale Conai già assolto,-1,0.0,0.0
2024-02-29,IT,bfa43bf18608,20123,MILANO,MI,Piadillas classica Ct. da 9 conf. x 6 pz.,1,21.6,21.6
2024-03-26,IT,1237d92cb81b,14046,MOMBARUZZO,AT,VILLAPRATO GIOVANE GR40 CL100 ITA,5,14.18,70.9
2024-03-26,IT,1237d92cb81b,14046,MOMBARUZZO,AT,ACCISE-ALCOLE-GRAPPE-LIQUORI,0,1035.52,20.71
2024-03-26,IT,1237d92cb81b,14046,MOMBARUZZO,AT,CONTRASSEGNI-TIPO C FINO A 1 L,5,0.047,0.24
2024-03-26,IT,1237d92cb81b,14046,MOMBARUZZO,AT,VILLAPRATO GIOVANE GR40 CL100 ITA,1,14.18,0.0
2024-03-26,IT,1237d92cb81b,14046,MOMBARUZZO,AT,ACCISE-ALCOLE-GRAPPE-LIQUORI,0,1035.52,4.14
2024-03-26,IT,1237d92cb81b,14046,MOMBARUZZO,AT,CONTRASSEGNI-TIPO C FINO A 1 L,1,0.047,0.05
2024-03-26,IT,1237d92cb81b,14046,MOMBARUZZO,AT,VILLAPRATO INVECCH GR40 CL100 ITA,6,14.18,85.08
2024-03-26,IT,1237d92cb81b,14046,MOMBARUZZO,AT,ACCISE-ALCOLE-GRAPPE-LIQUORI,0,1035.52,24.85
2024-03-26,IT,1237d92cb81b,14046,MOMBARUZZO,AT,CONTRASSEGNI-TIPO C FINO A 1 L,6,0.047,0.28
2024-03-26,IT,1237d92cb81b,14046,MOMBARUZZO,AT,IL28 GR30 CL70 ITA,3,16.32,48.96
2024-03-26,IT,1237d92cb81b,14046,MOMBARUZZO,AT,ACCISE-ALCOLE-GRAPPE-LIQUORI,0,1035.52,6.52
2024-03-26,IT,1237d92cb81b,14046,MOMBARUZZO,AT,"CONTRASSEGNI-TIPO C FINO A 0,70 L",3,0.047,0.14
2024-03-26,IT,1237d92cb81b,14046,MOMBARUZZO,AT,BOTTIG.IL28 GR30 CL70 ITA,3,14.32,42.96
2024-03-26,IT,1237d92cb81b,14046,MOMBARUZZO,AT,ACCISE-ALCOLE-GRAPPE-LIQUORI,0,1035.52,6.52
2024-03-26,IT,1237d92cb81b,14046,MOMBARUZZO,AT,"CONTRASSEGNI-TIPO C FINO A 0,70 L",3,0.047,0.14
2024-03-26,IT,1237d92cb81b,14046,MOMBARUZZO,AT,BOTTIG.SAMBUC.DIANISE'GR40 CL70 ITA,6,14.73,88.38
2024-03-26,IT,1237d92cb81b,14046,MOMBARUZZO,AT,ACCISE-ALCOLE-GRAPPE-LIQUORI,0,1035.52,17.4
2024-03-26,IT,1237d92cb81b,14046,MOMBARUZZO,AT,"CONTRASSEGNI-TIPO C FINO A 0,70 L",6,0.047,0.28
2024-03-26,IT,1237d92cb81b,14046,MOMBARUZZO,AT,NIZZA N.V.GR43 CL70 ITALIA,3,28.52,85.56
2024-03-26,IT,1237d92cb81b,14046,MOMBARUZZO,AT,ACCISE-ALCOLE-GRAPPE-LIQUORI,0,1035.52,9.35
2024-03-26,IT,1237d92cb81b,14046,MOMBARUZZO,AT,"CONTRASSEGNI-TIPO C FINO A 0,70 L",3,0.047,0.14
2024-03-26,IT,1237d92cb81b,14046,MOMBARUZZO,AT,BOTTIG OLTRE IL VALLO INV G43C70 IT,3,25.59,76.77
2024-03-26,IT,1237d92cb81b,14046,MOMBARUZZO,AT,ACCISE-ALCOLE-GRAPPE-LIQUORI,0,1035.52,9.35
2024-03-26,IT,1237d92cb81b,14046,MOMBARUZZO,AT,"CONTRASSEGNI-TIPO C FINO A 0,70 L",3,0.047,0.14
2024-03-26,IT,1237d92cb81b,14046,MOMBARUZZO,AT,Sconto,-1,-24.93,-24.93
2024-03-26,IT,1237d92cb81b,14046,MOMBARUZZO,AT,Riga ausiliaria contenente informazioni tecniche e aggiuntive del documento,-1,0.0,0.0
2020-11-30,IT,3675e51cd12b,20151,Milano,MI,Security,-1,5.81,5.81
2020-10-08,IT,20fc5e44e16c,20129,MILANO,MI,- PASTI CALDI DEL MESE DI AGOSTO,1,23.6,23.6
2020-10-08,IT,20fc5e44e16c,20129,MILANO,MI,Riga ausiliaria contenente informazioni tecniche e aggiuntive del documento,-1,0.0,0.0
2023-02-28,IT,bfa43bf18608,20123,MILANO,MI,Piadillas classica Ct. da 9 conf. x 6 pz.,1,21.6,21.6
2023-02-28,IT,bfa43bf18608,20123,MILANO,MI,Piadillas classica Ct. da 9 conf. x 6 pz.,1,21.0,21.0
2019-12-31,IT,3675e51cd12b,20151,Milano,MI,Security,-1,5.81,5.81
2022-11-18,IT,ac733fe14c11,25010,SIRMIONE,BS,DDT n. 015668/T - 18/11/2022,-1,0.0,0.0
2022-11-18,IT,ac733fe14c11,25010,SIRMIONE,BS,Rif. Ordine 020937 del 16/11/2022,-1,0.0,0.0
2022-11-18,IT,ac733fe14c11,25010,SIRMIONE,BS,CUVEE' dei FRATI Brut VSQ bianco M.class,12,10.0,120.0
2022-11-18,IT,ac733fe14c11,25010,SIRMIONE,BS,BROLETTINO Lugana DOC 2021 vino bianco,18,9.4,169.2
2022-11-18,IT,ac733fe14c11,25010,SIRMIONE,BS,RONCHEDONE 2020 vino rosso,36,10.2,367.2
2022-11-18,IT,ac733fe14c11,25010,SIRMIONE,BS,ROSA dei FRATI vino rosato 2021,6,6.9,41.4
2022-11-18,IT,ac733fe14c11,25010,SIRMIONE,BS,Sconti finali - 5.00%,-1,-34.89,-34.89
2022-11-18,IT,ac733fe14c11,25010,SIRMIONE,BS,AL PIANO H 7/11.30+15.30/18,-1,0.0,0.0
2022-11-18,IT,ac733fe14c11,25010,SIRMIONE,BS,Corrispettivo comprensivo del Contributo ambientale Conai già assolto,-1,0.0,0.0
2023-06-10,IT,20fc5e44e16c,20129,MILANO,MI,PASTI CALDI DEL MESE DI MAGGIO,1,1701.6,1701.6
2023-06-10,IT,20fc5e44e16c,20129,MILANO,MI,Riga ausiliaria contenente informazioni tecniche e aggiuntive del documento,-1,0.0,0.0
2020-03-03,IT,20fc5e44e16c,20129,MILANO,MI,- PASTI CALDI DEL MESE DI FEBBRAIO,1,894.5,894.5
2020-03-03,IT,20fc5e44e16c,20129,MILANO,MI,Riga ausiliaria contenente informazioni tecniche e aggiuntive del documento,-1,0.0,0.0
2022-10-15,IT,f6fc68940c8e,20010,POGLIANO MILANESE,MI,5 PZ NERA MASCHERINA FFP2 KEHOLL,14,2.84785714,39.87
2022-10-15,IT,f6fc68940c8e,20010,POGLIANO MILANESE,MI,5 PZ NERA MASCHERINA FFP2 KEHOLL,1,2.84,2.84
2022-10-15,IT,f6fc68940c8e,20010,POGLIANO MILANESE,MI,"T1 - CONTANTE: 50,00",-1,0.0,0.0
2022-10-15,IT,f6fc68940c8e,20010,POGLIANO MILANESE,MI,RESTO,-1,0.0,0.0
2024-10-08,IT,1f6f8dc23c89,24050,BARIANO,BG,Ordine Cl. num. 2400054 del 07/10/2024,-1,0.0,0.0
2024-10-08,IT,1f6f8dc23c89,24050,BARIANO,BG,OCB CORTA DOPPIA NERA x 25 Pz.,2,12.85,20.78
2024-10-08,IT,1f6f8dc23c89,24050,BARIANO,BG,"IMPOSTA DI CONSUMO ALIQUOTA 0,0036",2,9.0,18.0
2024-10-08,IT,1f6f8dc23c89,24050,BARIANO,BG,"BACI MARSUPIO x Kg.2,4",1,124.8,96.84
2024-10-08,IT,1f6f8dc23c89,24050,BARIANO,BG,RIZLA CORTE ARGENTO CARTINE x 100 Pz.  (A00015002),1,31.9,27.85
2024-10-08,IT,1f6f8dc23c89,24050,BARIANO,BG,"IMPOSTA DI CONSUMO ALIQUOTA 0,0036",1,18.0,18.0
2024-10-08,IT,1f6f8dc23c89,24050,BARIANO,BG,"FILTRI (CLASSIC) POPPATIPS 5,7 mm x 20 Pz. RIZLA  (C00004007)",2,22.95,29.68
2024-10-08,IT,1f6f8dc23c89,24050,BARIANO,BG,"IMPOSTA DI CONSUMO ALIQUOTA 0,0036",2,8.64,17.28
2024-10-08,IT,1f6f8dc23c89,24050,BARIANO,BG,RIZLA NATURA CORTA x 50 Pz.  (A00009002),1,15.95,14.07
2024-10-08,IT,1f6f8dc23c89,24050,BARIANO,BG,"IMPOSTA DI CONSUMO ALIQUOTA 0,0036",1,9.0,9.0
2024-10-08,IT,1f6f8dc23c89,24050,BARIANO,BG,MIKADO LATTE Gr.39 x 24 Pz. ART.676640,1,25.2,0.0
2024-10-08,IT,1f6f8dc23c89,24050,BARIANO,BG,MIKADO ESPOSITORE Gr.39 x 48 Pz. ART.4086289,1,50.4,48.89
2024-10-08,IT,1f6f8dc23c89,24050,BARIANO,BG,BROWNIE MILKA SOFT CAKE Gr.50 x 24 Pz. ART.4050928,1,19.8,19.21
2024-10-08,IT,1f6f8dc23c89,24050,BARIANO,BG,ORO CIOK LATTE Gr.25 x 30 Pz. ART.4005929,1,13.95,13.53
2024-10-08,IT,1f6f8dc23c89,24050,BARIANO,BG,MILKA COOKIES SENSATION Gr.52 x 24 Pz. ART.4033559,1,20.52,19.9
2024-10-08,IT,1f6f8dc23c89,24050,BARIANO,BG,OREO CLASSICO Gr.66 x 20 Pz. ART.4033941,1,17.3,16.78
2024-10-08,IT,1f6f8dc23c89,24050,BARIANO,BG,FILTRI SMOKING CLASS ULTRA SLIM LONG x 30 Pz.,2,27.5,44.46
2024-10-08,IT,1f6f8dc23c89,24050,BARIANO,BG,"IMPOSTA DI CONSUMO ALIQUOTA 0,0036",2,12.96,25.92
2023-11-30,IT,271c9545d265,40124,BOLOGNA,BO,DDT nr 0007460 del 30/11/2023,-1,0.0,0.0
2023-11-30,IT,271c9545d265,40124,BOLOGNA,BO,CONSEGNATO A: WINE BAR MF DI ACQUAVIVA MARCO & C - VIA FILIPPO CORRIDONI 41 - 20122 - MILANO (MI),-1,0.0,0.0
2023-11-30,IT,271c9545d265,40124,BOLOGNA,BO,NUMERO VS ORDINE: I-8679 del 21/11/2023,-1,0.0,0.0
2023-11-30,IT,271c9545d265,40124,BOLOGNA,BO,DE CASTELLANE BRUT 75CL,18,23.0,372.6
2023-11-30,IT,271c9545d265,40124,BOLOGNA,BO,Applicazione sconti piede,-1,-11.18,-11.18
2023-11-30,IT,271c9545d265,40124,BOLOGNA,BO,LAURENT-PERRIER LA CUVÉE 75CL,12,33.2,322.7
2023-11-30,IT,271c9545d265,40124,BOLOGNA,BO,Applicazione sconti piede,-1,-9.68,-9.68
2023-11-30,IT,271c9545d265,40124,BOLOGNA,BO,LAURENT-PERRIER LA CUVÉE 75CL IN ASTUCCIO DORÉ,12,34.5,335.34
2023-11-30,IT,271c9545d265,40124,BOLOGNA,BO,Applicazione sconti piede,-1,-10.06,-10.06
2023-11-30,IT,271c9545d265,40124,BOLOGNA,BO,LAURENT-PERRIER MILLÉSIMÉ 2012 75CL IN ASTUCCIO,12,50.0,486.0
2023-11-30,IT,271c9545d265,40124,BOLOGNA,BO,Applicazione sconti piede,-1,-14.58,-14.58
2023-11-30,IT,271c9545d265,40124,BOLOGNA,BO,LAURENT-PERRIER MILLÉSIMÉ 2012 75CL,18,48.7,710.05
2023-11-30,IT,271c9545d265,40124,BOLOGNA,BO,Applicazione sconti piede,-1,-21.3,-21.3
2023-11-30,IT,271c9545d265,40124,BOLOGNA,BO,CONSEGNA DALLE 10 ALLE 12 E DALLE 15 ALLE 18,-1,0.0,0.0
2023-11-30,IT,271c9545d265,40124,BOLOGNA,BO,GL 71 BOTTIGLIA Raccolta Vetro FOR 51 TAPPO Raccolta differenziata dedicata C/PET 90 CAPSULA Raccolta plastica FE 40 GABBIETTA Raccolta Acciaio C/ALU 90 LAMINA Raccolta Alluminio PAP 20 CARTONE Raccolta Carta FOR 50 CASSETTA Raccolta differenziata dedicata FOR 50 PALLET Raccolta differenziata dedicata  Assolve agli obblighi di cui alla direttiva UE 2019/633 con l?entrata in vigore del nuovo Decreto Legislativo 198/2021,-1,0.0,0.0
2021-06-01,IT,ac733fe14c11,25010,SIRMIONE,BS,DDT n. 004811/T - 01/06/2021,-1,0.0,0.0
2021-06-01,IT,ac733fe14c11,25010,SIRMIONE,BS,Rif. Ordine 006189 del 28/05/2021,-1,0.0,0.0
2021-06-01,IT,ac733fe14c11,25010,SIRMIONE,BS,I FRATI Lugana DOC 2020 vino bianco,90,6.6,594.0
2021-06-01,IT,ac733fe14c11,25010,SIRMIONE,BS,RONCHEDONE 2018 vino rosso,6,9.5,57.0
2021-06-01,IT,ac733fe14c11,25010,SIRMIONE,BS,BROLETTINO Lugana DOC 2019 vino bianco,18,8.8,158.4
2021-06-01,IT,ac733fe14c11,25010,SIRMIONE,BS,PRATTO 2019 vino bianco,6,9.5,57.0
2021-06-01,IT,ac733fe14c11,25010,SIRMIONE,BS,ROSA dei FRATI Riv.d/Garda Classico DOC 2020,6,6.6,39.6
2021-06-01,IT,ac733fe14c11,25010,SIRMIONE,BS,GRAPPA di AMARONE,1,16.0,16.0
2021-06-01,IT,ac733fe14c11,25010,SIRMIONE,BS,GRAPPA dei FRATI,1,14.0,14.0
2021-06-01,IT,ac733fe14c11,25010,SIRMIONE,BS,PIETRO DAL CERO AMARONE D./VALP. DOCG '13 Cassa1BT 2013,6,38.0,228.0
2021-06-01,IT,ac733fe14c11,25010,SIRMIONE,BS,PIETRO DAL CERO AMARONE D./VALP. DOCG '13 Cassa1BT 2013,1,38.0,0.0
2021-06-01,IT,ac733fe14c11,25010,SIRMIONE,BS,Sconti finali - 5.00%,-1,-58.2,-58.2
2021-06-01,IT,ac733fe14c11,25010,SIRMIONE,BS,Sconto merce di 38.00 escluso dalla base imponibile ai sensi dell'Art.15/2 DPR 633/72,-1,0.0,0.0
2021-06-01,IT,ac733fe14c11,25010,SIRMIONE,BS,AL PIANO H 7/11.30+15.30/18,-1,0.0,0.0
2021-06-01,IT,ac733fe14c11,25010,SIRMIONE,BS,Corrispettivo comprensivo del Contributo ambientale Conai già assolto,-1,0.0,0.0
2022-04-29,IT,babd58f0c450,39040,MONTAGNA,BZ,"LEPUS ALTO ADIGE DOC PINOT BIANCO 2020 DA 0,75 CORKFREE",6,9.3,55.8
2022-04-29,IT,babd58f0c450,39040,MONTAGNA,BZ,"MANNA VIGNETI DELLE DOLOMITI IGT BIANCO 2020 DA 0,75 CORKFREE",6,15.5,93.0
2022-04-29,IT,babd58f0c450,39040,MONTAGNA,BZ,"ALTO ADIGE DOC PINOT NERO 2019 DA 0,75 CORKFREE",24,14.5,348.0
2022-04-29,IT,babd58f0c450,39040,MONTAGNA,BZ,SCONTO CASSA,-1,-24.84,-24.84
2022-04-29,IT,babd58f0c450,39040,MONTAGNA,BZ,Riga ausiliaria contenente informazioni tecniche e aggiuntive del documento,-1,0.0,0.0
2023-11-29,IT,b26816190e3d,40124,BOLOGNA,BO,DDT nr 0000360 del 27/11/2023,-1,0.0,0.0
2023-11-29,IT,b26816190e3d,40124,BOLOGNA,BO,CONSEGNATO A: BAR NEW DEAL - VIA FILIPPO CORRIDONI 41 - 20122 - MILANO (MI),-1,0.0,0.0
2023-11-29,IT,b26816190e3d,40124,BOLOGNA,BO,NUMERO VS ORDINE: 226/24 del 21/11/2023,-1,0.0,0.0
2023-11-29,IT,b26816190e3d,40124,BOLOGNA,BO,DI CUI ACCISE,-1,55.9,55.9
2023-11-29,IT,b26816190e3d,40124,BOLOGNA,BO,GIOVI GRAPPA GIOVI 42. 50CL,2,15.0,30.0
2023-11-29,IT,b26816190e3d,40124,BOLOGNA,BO,Applicazione sconti piede,-1,-0.9,-0.9
2023-11-29,IT,b26816190e3d,40124,BOLOGNA,BO,GIOVI GRAPPA MOSCATO DI ZIBIBBO 42. 50CL,2,19.5,39.0
2023-11-29,IT,b26816190e3d,40124,BOLOGNA,BO,Applicazione sconti piede,-1,-1.17,-1.17
2023-11-29,IT,b26816190e3d,40124,BOLOGNA,BO,GIOVI GRAPPA NERO D'AVOLA 42. 50CL,2,17.0,34.0
2023-11-29,IT,b26816190e3d,40124,BOLOGNA,BO,Applicazione sconti piede,-1,-1.02,-1.02
2023-11-29,IT,b26816190e3d,40124,BOLOGNA,BO,GIOVI GRAPPA DELL'ETNA 42. 50CL,2,17.0,34.0
2023-11-29,IT,b26816190e3d,40124,BOLOGNA,BO,Applicazione sconti piede,-1,-1.02,-1.02
2023-11-29,IT,b26816190e3d,40124,BOLOGNA,BO,GIOVI GRAPPA BARRICATA DELL'ETNA 42. 50CL,2,18.5,37.0
2023-11-29,IT,b26816190e3d,40124,BOLOGNA,BO,Applicazione sconti piede,-1,-1.11,-1.11
2023-11-29,IT,b26816190e3d,40124,BOLOGNA,BO,GIOVI GRAPPA ORTICA E LIMONE 42. 50 CL,2,17.0,34.0
2023-11-29,IT,b26816190e3d,40124,BOLOGNA,BO,Applicazione sconti piede,-1,-1.02,-1.02
2023-11-29,IT,b26816190e3d,40124,BOLOGNA,BO,GIOVI LONDON DRY GIN 42. 70CL,2,29.5,59.0
2023-11-29,IT,b26816190e3d,40124,BOLOGNA,BO,Applicazione sconti piede,-1,-1.77,-1.77
2023-11-29,IT,b26816190e3d,40124,BOLOGNA,BO,GIOVI VODKA 40. 70CL,4,18.0,72.0
2023-11-29,IT,b26816190e3d,40124,BOLOGNA,BO,Applicazione sconti piede,-1,-2.16,-2.16
2023-11-29,IT,b26816190e3d,40124,BOLOGNA,BO,AMBROSIANO BITTER 28. 70CL,6,15.0,90.0
2023-11-29,IT,b26816190e3d,40124,BOLOGNA,BO,Applicazione sconti piede,-1,-2.7,-2.7
2023-11-30,IT,bfa43bf18608,20123,MILANO,MI,Piadillas classica Ct. da 9 conf. x 6 pz.,1,21.6,21.6
2023-11-30,IT,bfa43bf18608,20123,MILANO,MI,Piadillas classica Ct. da 9 conf. x 6 pz.,1,21.7,21.7
2021-09-10,IT,20fc5e44e16c,20129,MILANO,MI,PASTI CALDI DEL MESE DI AGOSTO,1,174.15,174.15
2021-09-10,IT,20fc5e44e16c,20129,MILANO,MI,Riga ausiliaria contenente informazioni tecniche e aggiuntive del documento,-1,0.0,0.0
2024-05-16,IT,babd58f0c450,39040,MONTAGNA,BZ,"PINOT GRIGIO VIGNETI DELLE DOLOMITI IGT 2023 DA 0,75 CORKFREE",12,8.0,96.0
2024-05-16,IT,babd58f0c450,39040,MONTAGNA,BZ,"SOFI SCHIAVA VIGNETI DELLE DOLOMITI IGT 2023 DA 0,75 CORKFREE",12,7.3,87.6
2024-05-16,IT,babd58f0c450,39040,MONTAGNA,BZ,"SOFI MUELLER THURGAU VIGNETI DELLE DOLOMITI IGT 2023 DA 0,75 CORKFREE",24,7.3,175.2
2024-05-16,IT,babd58f0c450,39040,MONTAGNA,BZ,"SOFI MUELLER THURGAU VIGNETI DELLE DOLOMITI IGT 2023 DA 0,75 CORKFREE",6,7.3,0.0
2024-05-16,IT,babd58f0c450,39040,MONTAGNA,BZ,SCONTO CASSA,-1,-17.94,-17.94
2024-05-16,IT,babd58f0c450,39040,MONTAGNA,BZ,Riga ausiliaria contenente informazioni tecniche e aggiuntive del documento,-1,0.0,0.0
2021-09-20,IT,85a252db5509,20133,MILANO,MI,"INSTALLAZIONE IMPIANTO DI CLIMATIZZAZIONE HITACHI IN POMPA DI CALORE CLASSE A+ NEL VOSTRO LOCALE, COMPRESO DI DUE UNITA' ESTERNE E DUE UNITA' INTERNE",1,4100.0,4100.0
2020-05-31,IT,bfa43bf18608,20123,MILANO,MI,PA02/N PIADILLAS CLASSICA Ct da 10 conf. da 5 pz,1,18.0,18.0
2020-05-31,IT,bfa43bf18608,20123,MILANO,MI,SAN SANWICH classico conf. singola,1,1.1,1.1
2020-05-31,IT,bfa43bf18608,20123,MILANO,MI,SAN02 SANDWICH INTEGRALE conf. singola,1,1.1,1.1
2020-05-31,IT,bfa43bf18608,20123,MILANO,MI,PA02/N PIADILLAS CLASSICA Ct da 10 conf. da 5 pz,1,18.0,18.0
2020-05-31,IT,bfa43bf18608,20123,MILANO,MI,PA02/N PIADILLAS CLASSICA Ct da 10 conf. da 5 pz,1,18.0,18.0
2020-05-31,IT,bfa43bf18608,20123,MILANO,MI,SAN SANWICH classico conf. singola,2,1.1,2.2
2024-03-31,IT,bfa43bf18608,20123,MILANO,MI,Piadillas classica Ct. da 9 conf. x 6 pz.,1,21.6,21.6
2024-03-31,IT,bfa43bf18608,20123,MILANO,MI,Piadillas classica Ct. da 9 conf. x 6 pz.,1,21.6,21.6
2020-05-31,IT,3675e51cd12b,20151,Milano,MI,Security,-1,5.81,5.81
2021-08-31,IT,bfa43bf18608,20123,MILANO,MI,PA02/N PIADILLAS CLASSICA Ct da 10 conf. da 5 pz,1,18.0,18.0
2020-01-14,IT,20fc5e44e16c,20129,MILANO,MI,- PASTI CALDI DEL MESE DI DICEMBRE,1,801.1,801.1
2020-01-14,IT,20fc5e44e16c,20129,MILANO,MI,Riga ausiliaria contenente informazioni tecniche e aggiuntive del documento,-1,0.0,0.0
2020-12-29,IT,20fc5e44e16c,20129,MILANO,MI,- PASTI CALDI DEL MESE DI NOVEMBRE,1,52.2,52.2
2020-12-29,IT,20fc5e44e16c,20129,MILANO,MI,Riga ausiliaria contenente informazioni tecniche e aggiuntive del documento,-1,0.0,0.0
2020-07-31,IT,3675e51cd12b,20151,Milano,MI,Security,-1,5.81,5.81
2024-05-13,IT,ac733fe14c11,25010,SIRMIONE,BS,DDT n. 006381/T - 13/05/2024,-1,0.0,0.0
2024-05-13,IT,ac733fe14c11,25010,SIRMIONE,BS,Rif. Ordine 006738 del 23/04/2024,-1,0.0,0.0
2024-05-13,IT,ac733fe14c11,25010,SIRMIONE,BS,I FRATI Lugana DOC 2023 vino bianco,60,7.5,450.0
2024-05-13,IT,ac733fe14c11,25010,SIRMIONE,BS,ROSA dei FRATI vino rosato 2023,12,7.5,90.0
2024-05-13,IT,ac733fe14c11,25010,SIRMIONE,BS,Sconti finali - 5.00%,-1,-27.0,-27.0
2024-05-13,IT,ac733fe14c11,25010,SIRMIONE,BS,AL PIANO H 9/11.30+14.30/17.30,-1,0.0,0.0
2024-05-13,IT,ac733fe14c11,25010,SIRMIONE,BS,Corrispettivo comprensivo del Contributo ambientale Conai già assolto,-1,0.0,0.0
2022-12-29,IT,bfa43bf18608,20123,MILANO,MI,PIADILLAS CLASSICA Ct da 10 conf. da 5 pz,1,20.0,20.0
2024-04-30,IT,bfa43bf18608,20123,MILANO,MI,Piadillas classica Ct. da 9 conf. x 6 pz.,1,21.6,21.6
2024-04-30,IT,bfa43bf18608,20123,MILANO,MI,Piadillas classica Ct. da 9 conf. x 6 pz.,1,21.6,21.6
2022-01-11,IT,ac733fe14c11,25010,SIRMIONE,BS,DDT n. 000198/T - 11/01/2022,-1,0.0,0.0
2022-01-11,IT,ac733fe14c11,25010,SIRMIONE,BS,Rif. Ordine 000237 del 11/01/2022,-1,0.0,0.0
2022-01-11,IT,ac733fe14c11,25010,SIRMIONE,BS,CUVEE' dei FRATI Brut VSQ bianco M.class,12,9.5,114.0
2022-01-11,IT,ac733fe14c11,25010,SIRMIONE,BS,I FRATI Lugana DOC 2020 vino bianco,60,6.6,396.0
2022-01-11,IT,ac733fe14c11,25010,SIRMIONE,BS,RONCHEDONE 2019 vino rosso,18,9.7,174.6
2022-01-11,IT,ac733fe14c11,25010,SIRMIONE,BS,Sconti finali - 5.00%,-1,-34.23,-34.23
2022-01-11,IT,ac733fe14c11,25010,SIRMIONE,BS,AL PIANO H 7/11.30+15.30/18,-1,0.0,0.0
2022-01-11,IT,ac733fe14c11,25010,SIRMIONE,BS,Corrispettivo comprensivo del Contributo ambientale Conai già assolto,-1,0.0,0.0
2021-04-30,IT,bfa43bf18608,20123,MILANO,MI,PA02/N PIADILLAS CLASSICA Ct da 10 conf. da 5 pz,1,18.0,18.0
2024-01-31,IT,bfa43bf18608,20123,MILANO,MI,Piadillas classica Ct. da 9 conf. x 6 pz.,1,21.6,21.6
2024-01-31,IT,bfa43bf18608,20123,MILANO,MI,Piadillas classica Ct. da 9 conf. x 6 pz.,1,21.6,21.6
2022-10-19,IT,1237d92cb81b,14046,MOMBARUZZO,AT,RONDENA GRAP AMARONE RIS. GR43 CL70 IT,3,55.0,165.0
2022-10-19,IT,1237d92cb81b,14046,MOMBARUZZO,AT,ACCISE-ALCOLE-GRAPPE-LIQUORI,0,1035.52,9.35
2022-10-19,IT,1237d92cb81b,14046,MOMBARUZZO,AT,"CONTRASSEGNI-TIPO C FINO A 0,70 L",3,0.047,0.14
2022-10-19,IT,1237d92cb81b,14046,MOMBARUZZO,AT,IL28 GR30 CL70 ITA,6,14.3203,85.92
2022-10-19,IT,1237d92cb81b,14046,MOMBARUZZO,AT,ACCISE-ALCOLE-GRAPPE-LIQUORI,0,1035.52,13.05
2022-10-19,IT,1237d92cb81b,14046,MOMBARUZZO,AT,"CONTRASSEGNI-TIPO C FINO A 0,70 L",6,0.047,0.28
2022-10-19,IT,1237d92cb81b,14046,MOMBARUZZO,AT,Sconto,-1,-12.55,-12.55
2022-10-19,IT,1237d92cb81b,14046,MOMBARUZZO,AT,Riga ausiliaria contenente informazioni tecniche e aggiuntive del documento,-1,0.0,0.0
2020-03-31,IT,3675e51cd12b,20151,Milano,MI,Security,-1,5.81,5.81
2020-01-15,IT,d8a519e3cce9,20090,OPERA,MI,"BRESAOLA NOSTRANA 1/2 S/V KG 1,3 X 10 PZ",1,17.0,22.41
2020-01-15,IT,d8a519e3cce9,20090,OPERA,MI,PROSCIUTTO COTTO BLU GLUTEN FREE KG 8 X 2 PZ - F.L,7,6.2,45.38
2020-01-15,IT,d8a519e3cce9,20090,OPERA,MI,PROSCIUTTO CRUDO MEC S/O PRES 6+  X 2 PZ,6,7.9,47.72
2020-01-15,IT,d8a519e3cce9,20090,OPERA,MI,BRIE' TONDO 60% KG 1,1,6.2,7.4
2020-01-15,IT,d8a519e3cce9,20090,OPERA,MI,EDAMER TEDESCO KG 2.5/3 X 4 PZ,3,4.7,15.04
2020-01-15,IT,d8a519e3cce9,20090,OPERA,MI,MOZZARELLA FIORDILATTE GR 250 X 4 PZ,2,6.5,13.0
2023-07-10,IT,20fc5e44e16c,20129,MILANO,MI,PASTI CALDI DEL MESE DI GIUGNO,1,1641.9,1641.9
2023-07-10,IT,20fc5e44e16c,20129,MILANO,MI,Riga ausiliaria contenente informazioni tecniche e aggiuntive del documento,-1,0.0,0.0
2021-03-31,IT,3675e51cd12b,20151,Milano,MI,Security,-1,5.81,5.81
2019-11-30,IT,3675e51cd12b,20151,Milano,MI,Security,-1,5.81,5.81
2024-05-31,IT,bfa43bf18608,20123,MILANO,MI,Piadillas classica Ct. da 9 conf. x 6 pz.,1,21.6,21.6
2024-05-31,IT,bfa43bf18608,20123,MILANO,MI,Piadillas classica Ct. da 9 conf. x 6 pz.,1,21.6,21.6
2022-10-31,IT,bfa43bf18608,20123,MILANO,MI,PIADILLAS CLASSICA Ct da 10 conf. da 5 pz,1,20.0,20.0
2022-10-31,IT,bfa43bf18608,20123,MILANO,MI,PIADILLAS CLASSICA Ct da 10 conf. da 5 pz,1,20.0,20.0
2022-10-31,IT,bfa43bf18608,20123,MILANO,MI,PIADILLAS CLASSICA Ct da 10 conf. da 5 pz,1,20.0,20.0
2020-06-30,IT,20fc5e44e16c,20129,MILANO,MI,- PASTI CALDI DEL MESE DI MARZO,1,187.1,187.1
2020-06-30,IT,20fc5e44e16c,20129,MILANO,MI,Riga ausiliaria contenente informazioni tecniche e aggiuntive del documento,-1,0.0,0.0
2022-02-10,IT,20fc5e44e16c,20129,MILANO,MI,PASTI CALDI DEL MESE DI GENNAIO,1,1024.5,1024.5
2022-02-10,IT,20fc5e44e16c,20129,MILANO,MI,Riga ausiliaria contenente informazioni tecniche e aggiuntive del documento,-1,0.0,0.0
2022-09-22,IT,ac733fe14c11,25010,SIRMIONE,BS,DDT n. 013269/T - 22/09/2022,-1,0.0,0.0
2022-09-22,IT,ac733fe14c11,25010,SIRMIONE,BS,Rif. Ordine 017512 del 20/09/2022,-1,0.0,0.0
2022-09-22,IT,ac733fe14c11,25010,SIRMIONE,BS,I FRATI Lugana DOC 2021 vino bianco,36,6.9,248.4
2022-09-22,IT,ac733fe14c11,25010,SIRMIONE,BS,I FRATI Lugana DOC 2021 vino bianco Mag.,3,14.6,43.8
2022-09-22,IT,ac733fe14c11,25010,SIRMIONE,BS,PRATTO 2020 vino bianco,6,10.0,60.0
2022-09-22,IT,ac733fe14c11,25010,SIRMIONE,BS,ROSA dei FRATI vino rosato 2021,18,6.9,124.2
2022-09-22,IT,ac733fe14c11,25010,SIRMIONE,BS,Sconti finali - 5.00%,-1,-23.82,-23.82
2022-09-22,IT,ac733fe14c11,25010,SIRMIONE,BS,AL PIANO H 7/11.30+15.30/18,-1,0.0,0.0
2022-09-22,IT,ac733fe14c11,25010,SIRMIONE,BS,Corrispettivo comprensivo del Contributo ambientale Conai già assolto,-1,0.0,0.0
2022-04-01,IT,ac733fe14c11,25010,SIRMIONE,BS,DDT n. 002861/T - 01/04/2022,-1,0.0,0.0
2022-04-01,IT,ac733fe14c11,25010,SIRMIONE,BS,Rif. Ordine 003981 del 24/03/2022,-1,0.0,0.0
2022-04-01,IT,ac733fe14c11,25010,SIRMIONE,BS,BROLETTINO Lugana DOC 2020 vino bianco,12,8.9,106.8
2022-04-01,IT,ac733fe14c11,25010,SIRMIONE,BS,I FRATI Lugana DOC 2021 vino bianco,60,6.9,414.0
2022-04-01,IT,ac733fe14c11,25010,SIRMIONE,BS,RONCHEDONE 2019 vino rosso,12,9.7,116.4
2022-04-01,IT,ac733fe14c11,25010,SIRMIONE,BS,ROSA dei FRATI vino rosato 2021,24,6.9,165.6
2022-04-01,IT,ac733fe14c11,25010,SIRMIONE,BS,Sconti finali - 5.00%,-1,-40.14,-40.14
2022-04-01,IT,ac733fe14c11,25010,SIRMIONE,BS,AL PIANO H 7/11.30+15.30/18,-1,0.0,0.0
2022-04-01,IT,ac733fe14c11,25010,SIRMIONE,BS,Corrispettivo comprensivo del Contributo ambientale Conai già assolto,-1,0.0,0.0
2021-10-31,IT,bfa43bf18608,20123,MILANO,MI,PA02/N PIADILLAS CLASSICA Ct da 10 conf. da 5 pz,1,18.27,18.27
2021-10-31,IT,bfa43bf18608,20123,MILANO,MI,PA02/N PIADILLAS CLASSICA Ct da 10 conf. da 5 pz,1,18.27,18.27
2021-10-31,IT,bfa43bf18608,20123,MILANO,MI,SOC1 Sorrisi al Cioccolato Ct. da 20 pz,1,14.0,14.0
2021-08-31,IT,85a9d22cc876,20123,Milano (MI),MI,DR4111  AST.50G MENTA MONTAGNA        20,1,25.2,25.2
2021-08-31,IT,85a9d22cc876,20123,Milano (MI),MI,DR7469  RICOLA PETIT X70 +24FF,1,88.2,88.2
2020-02-29,IT,3675e51cd12b,20151,Milano,MI,Security,-1,5.81,5.81
2023-10-31,IT,bfa43bf18608,20123,MILANO,MI,Piadillas classica Ct. da 9 conf. x 6 pz.,1,20.6,20.6
2023-10-31,IT,bfa43bf18608,20123,MILANO,MI,Piadillas classica Ct. da 9 conf. x 6 pz.,1,21.6,21.6
2019-12-31,IT,bfa43bf18608,20123,MILANO,MI,FR01 Crostatina marmellata mix 9 pz.,2,6.5,13.0
2019-12-31,IT,bfa43bf18608,20123,MILANO,MI,C CANNOLI CACAO E CREMA CT DA 12 PZ,1,10.5,10.5
2019-12-31,IT,bfa43bf18608,20123,MILANO,MI,SAN SANWICH classico conf. singola,2,1.0,2.0
2019-12-31,IT,bfa43bf18608,20123,MILANO,MI,SAN02 SANDWICH INTEGRALE conf. singola,2,1.0,2.0
2019-12-31,IT,bfa43bf18608,20123,MILANO,MI,PA02/N PIADILLAS CLASSICA Ct da 10 conf. da 5 pz,1,17.5,17.5
2019-12-31,IT,bfa43bf18608,20123,MILANO,MI,FR01 Crostatina marmellata mix 9 pz.,1,6.0,6.0
2019-12-31,IT,bfa43bf18608,20123,MILANO,MI,C CANNOLI CACAO E CREMA CT DA 12 PZ,1,10.5,10.5
2019-12-31,IT,bfa43bf18608,20123,MILANO,MI,SAN02 SANDWICH INTEGRALE conf. singola,2,1.0,2.0
2019-12-31,IT,bfa43bf18608,20123,MILANO,MI,RO1C Roscerine Ct. da 9 pz,1,7.0,7.0
2019-12-31,IT,bfa43bf18608,20123,MILANO,MI,C CANNOLI CACAO E CREMA CT DA 12 PZ,1,10.5,10.5
2019-12-31,IT,bfa43bf18608,20123,MILANO,MI,SAN02 SANDWICH INTEGRALE conf. singola,3,1.0,3.0
2019-12-31,IT,bfa43bf18608,20123,MILANO,MI,RO1C Roscerine Ct. da 9 pz,1,7.0,7.0
2023-12-12,IT,b26816190e3d,40124,BOLOGNA,BO,DDT nr 0000387 del 11/12/2023,-1,0.0,0.0
2023-12-12,IT,b26816190e3d,40124,BOLOGNA,BO,CONSEGNATO A: BAR NEW DEAL - VIA FILIPPO CORRIDONI 41 - 20122 - MILANO (MI),-1,0.0,0.0
2023-12-12,IT,b26816190e3d,40124,BOLOGNA,BO,NUMERO VS ORDINE: 253/24 del 05/12/2023,-1,0.0,0.0
2023-12-12,IT,b26816190e3d,40124,BOLOGNA,BO,DI CUI ACCISE,-1,34.75,34.75
2023-12-12,IT,b26816190e3d,40124,BOLOGNA,BO,CORTE VETUSTO MEZCAL ESPADIN 45. 70CL,2,45.0,81.0
2023-12-12,IT,b26816190e3d,40124,BOLOGNA,BO,Applicazione sconti piede,-1,-2.43,-2.43
2023-12-12,IT,b26816190e3d,40124,BOLOGNA,BO,RIAZUL TEQUILA ANEJO 40. 70CL,1,51.0,45.9
2023-12-12,IT,b26816190e3d,40124,BOLOGNA,BO,Applicazione sconti piede,-1,-1.38,-1.38
2023-12-12,IT,b26816190e3d,40124,BOLOGNA,BO,RIAZUL TEQUILA REPOSADO 40. 70CL,1,45.0,40.5
2023-12-12,IT,b26816190e3d,40124,BOLOGNA,BO,Applicazione sconti piede,-1,-1.22,-1.22
2023-12-12,IT,b26816190e3d,40124,BOLOGNA,BO,BARON DE SAINT FEUX ARMAGNAC 10 ANNI 40. 70CL,1,39.0,35.1
2023-12-12,IT,b26816190e3d,40124,BOLOGNA,BO,Applicazione sconti piede,-1,-1.05,-1.05
2023-12-12,IT,b26816190e3d,40124,BOLOGNA,BO,GIOVI GRAPPA ORTICA E LIMONE 42. 50 CL,2,17.0,30.6
2023-12-12,IT,b26816190e3d,40124,BOLOGNA,BO,Applicazione sconti piede,-1,-0.92,-0.92
2023-12-12,IT,b26816190e3d,40124,BOLOGNA,BO,GIOVI GRAPPA DELL'ETNA 42. 50CL,2,17.0,30.6
2023-12-12,IT,b26816190e3d,40124,BOLOGNA,BO,Applicazione sconti piede,-1,-0.92,-0.92
2023-12-12,IT,b26816190e3d,40124,BOLOGNA,BO,GIOVI GRAPPA BARRICATA DELL'ETNA 42. 50CL,2,18.5,33.3
2023-12-12,IT,b26816190e3d,40124,BOLOGNA,BO,Applicazione sconti piede,-1,-1.0,-1.0
2023-12-12,IT,b26816190e3d,40124,BOLOGNA,BO,GIOVI GRAPPA MOSCATO DI ZIBIBBO 42. 50CL,1,19.5,17.55
2023-12-12,IT,b26816190e3d,40124,BOLOGNA,BO,Applicazione sconti piede,-1,-0.53,-0.53
2023-12-12,IT,b26816190e3d,40124,BOLOGNA,BO,GIOVI GRAPPA GIOVI 42. 50CL,2,15.0,27.0
2023-12-12,IT,b26816190e3d,40124,BOLOGNA,BO,Applicazione sconti piede,-1,-0.8,-0.8
2022-02-28,IT,bfa43bf18608,20123,MILANO,MI,PIADILLAS CLASSICA Ct da 10 conf. da 5 pz,1,20.0,20.0
2022-02-28,IT,bfa43bf18608,20123,MILANO,MI,Roscerine Ct. da 9 pz,1,7.0,7.0
2022-02-28,IT,bfa43bf18608,20123,MILANO,MI,Roscerine Ct. da 9 pz,1,7.0,7.0
2022-02-28,IT,bfa43bf18608,20123,MILANO,MI,PIADILLAS CLASSICA Ct da 10 conf. da 5 pz,1,20.0,20.0
2022-02-28,IT,bfa43bf18608,20123,MILANO,MI,Roscerine Ct. da 9 pz,2,7.7,15.4
2023-10-23,IT,48d48e75bfd6,20157,MILANO,MI,RIF. DDT N. 192/P DEL 20/10/2023,-1,0.0,0.0
2023-10-23,IT,48d48e75bfd6,20157,MILANO,MI,C/O VS. SEDE,-1,0.0,0.0
2023-10-23,IT,48d48e75bfd6,20157,MILANO,MI,LAVATAZZE KRUPPS CUBE MOD.C432H CON DOSA DETERSIVI. MATR.202362932 INSTALLO E GARANZIA 12 MESI,1,1375.0,1375.0
2021-07-10,IT,20fc5e44e16c,20129,MILANO,MI,- PASTI CALDI DEL MESE DI GIUGNO,1,236.65,236.65
2021-07-10,IT,20fc5e44e16c,20129,MILANO,MI,Riga ausiliaria contenente informazioni tecniche e aggiuntive del documento,-1,0.0,0.0
2021-05-22,IT,ac733fe14c11,25010,SIRMIONE,BS,I FRATI Lugana DOC 2020 vino bianco,12,6.6,79.2
2021-05-22,IT,ac733fe14c11,25010,SIRMIONE,BS,ROSA dei FRATI Riv.d/Garda Classico DOC 2020,6,6.6,39.6
2021-05-22,IT,ac733fe14c11,25010,SIRMIONE,BS,BROLETTINO Lugana DOC 2019 vino bianco,6,8.8,52.8
2021-05-22,IT,ac733fe14c11,25010,SIRMIONE,BS,Sconti finali - 5.00%,-1,-8.58,-8.58
2021-05-22,IT,ac733fe14c11,25010,SIRMIONE,BS,Corrispettivo comprensivo del Contributo ambientale Conai già assolto,-1,0.0,0.0
2023-09-01,IT,ac733fe14c11,25010,SIRMIONE,BS,DDT n. 011867/T - 01/09/2023,-1,0.0,0.0
2023-09-01,IT,ac733fe14c11,25010,SIRMIONE,BS,Rif. Ordine 015334 del 29/08/2023,-1,0.0,0.0
2023-09-01,IT,ac733fe14c11,25010,SIRMIONE,BS,I FRATI Lugana DOC 2022 vino bianco,60,7.5,450.0
2023-09-01,IT,ac733fe14c11,25010,SIRMIONE,BS,RONCHEDONE 2020 vino rosso,12,10.2,122.4
2023-09-01,IT,ac733fe14c11,25010,SIRMIONE,BS,ROSA dei FRATI vino rosato 2022,6,7.5,45.0
2023-09-01,IT,ac733fe14c11,25010,SIRMIONE,BS,CUVEE' dei FRATI Brut VSQ bianco M.class,12,11.5,138.0
2023-09-01,IT,ac733fe14c11,25010,SIRMIONE,BS,CUVEE' dei FRATI Brut VSQ bianco M.class Mag.,3,26.0,78.0
2023-09-01,IT,ac733fe14c11,25010,SIRMIONE,BS,GRAPPA di AMARONE,2,20.0,40.0
2023-09-01,IT,ac733fe14c11,25010,SIRMIONE,BS,Sconti finali - 5.00%,-1,-43.67,-43.67
2023-09-01,IT,ac733fe14c11,25010,SIRMIONE,BS,AL PIANO H 7/11.30+15.30/18,-1,0.0,0.0
2023-09-01,IT,ac733fe14c11,25010,SIRMIONE,BS,Corrispettivo comprensivo del Contributo ambientale Conai già assolto,-1,0.0,0.0
2023-03-30,IT,ac733fe14c11,25010,SIRMIONE,BS,DDT n. 003552/T - 30/03/2023,-1,0.0,0.0
2023-03-30,IT,ac733fe14c11,25010,SIRMIONE,BS,Rif. Ordine 004061 del 22/03/2023,-1,0.0,0.0
2023-03-30,IT,ac733fe14c11,25010,SIRMIONE,BS,CUVEE' dei FRATI Brut VSQ bianco M.class,18,11.5,207.0
2023-03-30,IT,ac733fe14c11,25010,SIRMIONE,BS,RONCHEDONE 2020 vino rosso,18,10.2,183.6
2023-03-30,IT,ac733fe14c11,25010,SIRMIONE,BS,PIETRO DAL CERO AMARONE D./VALP. DOCG '16 C1,24,38.0,912.0
2023-03-30,IT,ac733fe14c11,25010,SIRMIONE,BS,PIETRO DAL CERO AMARONE D./VALP. DOCG '16 C1,6,38.0,0.0
2023-03-30,IT,ac733fe14c11,25010,SIRMIONE,BS,Sconti finali - 5.00%,-1,-65.13,-65.13
2023-03-30,IT,ac733fe14c11,25010,SIRMIONE,BS,Sconto merce di 228.00 escluso dalla base imponibile ai sensi dell'Art.15/2 DPR 633/72,-1,0.0,0.0
2023-03-30,IT,ac733fe14c11,25010,SIRMIONE,BS,AL PIANO H 7/11.30+15.30/18,-1,0.0,0.0
2023-03-30,IT,ac733fe14c11,25010,SIRMIONE,BS,Corrispettivo comprensivo del Contributo ambientale Conai già assolto,-1,0.0,0.0
2023-02-23,IT,271c9545d265,40124,BOLOGNA,BO,DDT nr 0000763 del 22/02/2023,-1,0.0,0.0
2023-02-23,IT,271c9545d265,40124,BOLOGNA,BO,CONSEGNATO A: WINE BAR MF DI ACQUAVIVA MARCO & C - VIA FILIPPO CORRIDONI 41 - 20122 - MILANO (MI),-1,0.0,0.0
2023-02-23,IT,271c9545d265,40124,BOLOGNA,BO,NUMERO VS ORDINE: I-0126 del 01/02/2023,-1,0.0,0.0
2023-02-23,IT,271c9545d265,40124,BOLOGNA,BO,LAURENT-PERRIER CUVÉE ROSÉ 75CL,6,55.0,267.3
2023-02-23,IT,271c9545d265,40124,BOLOGNA,BO,Applicazione sconti piede,-1,-8.02,-8.02
2023-02-23,IT,271c9545d265,40124,BOLOGNA,BO,LAURENT-PERRIER LA CUVÉE 75CL,18,32.5,473.85
2023-02-23,IT,271c9545d265,40124,BOLOGNA,BO,Applicazione sconti piede,-1,-14.22,-14.22
2023-02-23,IT,271c9545d265,40124,BOLOGNA,BO,LAURENT-PERRIER MILLÉSIMÉ 2012 75CL,6,46.0,223.56
2023-02-23,IT,271c9545d265,40124,BOLOGNA,BO,Applicazione sconti piede,-1,-6.7,-6.7
2023-02-23,IT,271c9545d265,40124,BOLOGNA,BO,CONSEGNA DALLE 10 ALLE 12 E DALLE 15 ALLE 18,-1,0.0,0.0
2023-02-23,IT,271c9545d265,40124,BOLOGNA,BO,Assolve agli obblighi di cui alla direttiva UE 2019/633 con l?entrata in vigore del nuovo Decreto Legislativo 198/2021,-1,0.0,0.0
2024-11-21,IT,271c9545d265,40124,BOLOGNA,BO,DDT nr 0006780 del 20/11/2024,-1,0.0,0.0
2024-11-21,IT,271c9545d265,40124,BOLOGNA,BO,CONSEGNATO A: WINE BAR MF DI ACQUAVIVA MARCO & C - VIA FILIPPO CORRIDONI 41 - 20122 - MILANO (MI),-1,0.0,0.0
2024-11-21,IT,271c9545d265,40124,BOLOGNA,BO,NUMERO VS ORDINE: I-1174 del 19/11/2024,-1,0.0,0.0
2024-11-21,IT,271c9545d265,40124,BOLOGNA,BO,LAURENT-PERRIER LA CUVÉE 75CL,6,34.9,169.61
2024-11-21,IT,271c9545d265,40124,BOLOGNA,BO,Applicazione sconti piede,-1,-8.48,-8.48
2024-11-21,IT,271c9545d265,40124,BOLOGNA,BO,LAURENT-PERRIER CUVÉE ROSÉ 75CL,6,58.6,284.8
2024-11-21,IT,271c9545d265,40124,BOLOGNA,BO,Applicazione sconti piede,-1,-14.24,-14.24
2024-11-21,IT,271c9545d265,40124,BOLOGNA,BO,LAURENT-PERRIER CUVÉE ROSÉ 75CL IN ASTUCCIO,6,61.0,296.46
2024-11-21,IT,271c9545d265,40124,BOLOGNA,BO,Applicazione sconti piede,-1,-14.82,-14.82
2024-11-21,IT,271c9545d265,40124,BOLOGNA,BO,LAURENT-PERRIER GRAND SIÈCLE 75CL LUMIÈRE NR 26,1,178.0,144.18
2024-11-21,IT,271c9545d265,40124,BOLOGNA,BO,Applicazione sconti piede,-1,-7.21,-7.21
2024-11-21,IT,271c9545d265,40124,BOLOGNA,BO,CONSEGNA DALLE 10 ALLE 12 E DALLE 15 ALLE 18,-1,0.0,0.0
2024-11-21,IT,271c9545d265,40124,BOLOGNA,BO,Assolve agli obblighi di cui alla direttiva UE 2019/633 con l?entrata in vigore del nuovo Decreto Legislativo 198/2021,-1,0.0,0.0
2024-10-31,IT,bfa43bf18608,20123,MILANO,MI,Piadillas classica Ct. da 9 conf. x 6 pz.,1,21.6,21.6
2024-10-31,IT,bfa43bf18608,20123,MILANO,MI,Piadillas classica Ct. da 9 conf. x 6 pz.,1,21.6,21.6
2020-09-25,IT,56a5335c9fce,20010,Bareggio,MI,PROSCIUTTO COTTO  B.L.,8,8.5,68.23
2024-12-17,IT,1f6f8dc23c89,24050,BARIANO,BG,Ordine Cl. num. 2400705 del 16/12/2024,-1,0.0,0.0
2024-12-17,IT,1f6f8dc23c89,24050,BARIANO,BG,LINDOR BOULES LATTE x 80 Pz.Kg.1 (SACCHETTO),2,49.4,47.92
2024-12-17,IT,1f6f8dc23c89,24050,BARIANO,BG,MIKADO LATTE Gr.39 x 24 Pz. ART.676640,1,25.2,24.44
2024-12-17,IT,1f6f8dc23c89,24050,BARIANO,BG,MIKADO ESPOSITORE Gr.39 x 48 Pz. ART.4086289,1,50.4,48.89
2024-12-17,IT,1f6f8dc23c89,24050,BARIANO,BG,BROWNIE MILKA SOFT CAKE Gr.50 x 24 Pz. ART.4050928,1,19.8,19.21
2024-12-17,IT,1f6f8dc23c89,24050,BARIANO,BG,ORO CIOK LATTE Gr.25 x 30 Pz. ART.4005929,1,13.95,0.0
2024-12-17,IT,1f6f8dc23c89,24050,BARIANO,BG,MILKA COOKIES SENSATION Gr.52 x 24 Pz. ART.4033559,1,20.52,19.9
2024-12-17,IT,1f6f8dc23c89,24050,BARIANO,BG,OREO CLASSICO Gr.66 x 20 Pz. ART.4033941,1,17.3,16.78
2022-04-10,IT,20fc5e44e16c,20129,MILANO,MI,PASTI CALDI DEL MESE DI MARZO,1,1438.4,1438.4
2022-04-10,IT,20fc5e44e16c,20129,MILANO,MI,Riga ausiliaria contenente informazioni tecniche e aggiuntive del documento,-1,0.0,0.0
2023-01-16,IT,ac733fe14c11,25010,SIRMIONE,BS,DDT n. 000441/T - 16/01/2023,-1,0.0,0.0
2023-01-16,IT,ac733fe14c11,25010,SIRMIONE,BS,Rif. Ordine 000297 del 10/01/2023,-1,0.0,0.0
2023-01-16,IT,ac733fe14c11,25010,SIRMIONE,BS,I FRATI Lugana DOC 2021 vino bianco,120,6.9,828.0
2023-01-16,IT,ac733fe14c11,25010,SIRMIONE,BS,GRAPPA dei FRATI,1,15.0,15.0
2023-01-16,IT,ac733fe14c11,25010,SIRMIONE,BS,Sconti finali - 5.00%,-1,-42.15,-42.15
2023-01-16,IT,ac733fe14c11,25010,SIRMIONE,BS,AL PIANO H 7/11.30+15.30/18,-1,0.0,0.0
2023-01-16,IT,ac733fe14c11,25010,SIRMIONE,BS,Corrispettivo comprensivo del Contributo ambientale Conai già assolto,-1,0.0,0.0
2020-04-15,IT,14fc5f41cc01,144,Roma,,Servizi telematici 109694466/EG395PJ,-1,22.0,22.0
2021-08-10,IT,20fc5e44e16c,20129,MILANO,MI,- PASTI CALDI DEL MESE DI LUGLIO,1,648.95,648.95
2021-08-10,IT,20fc5e44e16c,20129,MILANO,MI,Riga ausiliaria contenente informazioni tecniche e aggiuntive del documento,-1,0.0,0.0
2022-05-31,IT,bfa43bf18608,20123,MILANO,MI,PIADILLAS CLASSICA Ct da 10 conf. da 5 pz,1,20.0,20.0
2022-05-31,IT,bfa43bf18608,20123,MILANO,MI,Roscerine Ct. da 9 pz,1,7.0,7.0
2022-05-31,IT,bfa43bf18608,20123,MILANO,MI,PIADILLAS CLASSICA Ct da 10 conf. da 5 pz,1,20.0,20.0
2022-05-31,IT,bfa43bf18608,20123,MILANO,MI,PIADILLAS CLASSICA Ct da 10 conf. da 5 pz,1,20.0,20.0
2022-05-31,IT,bfa43bf18608,20123,MILANO,MI,Roscerine Ct. da 9 pz,1,7.0,7.0
2024-11-20,IT,1f6f8dc23c89,24050,BARIANO,BG,Ordine Cl. num. 2400475 del 20/11/2024,-1,0.0,0.0
2024-11-20,IT,1f6f8dc23c89,24050,BARIANO,BG,"LUPO ALBERTO x 200 PZ.V.0,20",1,28.91,28.04
2024-11-20,IT,1f6f8dc23c89,24050,BARIANO,BG,HALLS EXTRA FORTE STICK x 20 Pz.(NERA),1,13.6,13.19
2024-11-20,IT,1f6f8dc23c89,24050,BARIANO,BG,TWIX Gr.50 x 25 Pz.,1,19.0,16.13
2024-11-20,IT,1f6f8dc23c89,24050,BARIANO,BG,BE-KIND CLASSICI ESPOSITORE  x 36 Pz.ASSORTITO,1,49.86,48.36
2024-11-20,IT,1f6f8dc23c89,24050,BARIANO,BG,"BACI MARSUPIO x Kg.2,4",1,124.8,96.84
2024-11-20,IT,1f6f8dc23c89,24050,BARIANO,BG,CHOCOVIAR 75% NERO x 1 Kg.,1,47.29,45.87
2021-12-31,IT,bfa43bf18608,20123,MILANO,MI,PIADILLAS CLASSICA Ct da 10 conf. da 5 pz,1,18.27,18.27
2021-12-31,IT,bfa43bf18608,20123,MILANO,MI,Roscerine Ct. da 9 pz,1,7.0,7.0
2021-12-31,IT,bfa43bf18608,20123,MILANO,MI,Roscerine Ct. da 9 pz,1,7.0,7.0
2021-12-31,IT,bfa43bf18608,20123,MILANO,MI,PIADILLAS CLASSICA Ct da 10 conf. da 5 pz,1,18.27,18.27
2021-12-31,IT,bfa43bf18608,20123,MILANO,MI,ROSCERINA MIX CONF 9 PZ,1,7.0,7.0
2021-01-25,IT,85a9d22cc876,20123,MILANO,MI,"
RICOLA TOGETHER X100 +24FF
",1,140.0,119.7
2021-01-25,IT,85a9d22cc876,20123,MILANO,MI,"
Ogni cartone contiene:
",-1,0.0,0.0
2021-01-25,IT,85a9d22cc876,20123,MILANO,MI,"
n.1 Expo 60 ast.precaricato
",-1,0.0,0.0
2021-01-25,IT,85a9d22cc876,20123,MILANO,MI,"
n.2 ct ASTUCCI DA 20pz. cad.
",-1,0.0,0.0
2021-01-25,IT,85a9d22cc876,20123,MILANO,MI,"
+in omaggio 1ct FF-BUST CZ 25G OR.
",-1,0.0,0.0
2021-01-25,IT,85a9d22cc876,20123,MILANO,MI,"
***********************************
",-1,0.0,0.0
2021-01-25,IT,85a9d22cc876,20123,MILANO,MI,"
Dettaglio prodotti:
",-1,0.0,0.0
2021-01-25,IT,85a9d22cc876,20123,MILANO,MI,"
05 AST.ERBE BALSAMICHE GR50
",-1,0.0,0.0
2021-01-25,IT,85a9d22cc876,20123,MILANO,MI,"
25 AST.MELIS-LIMONCELLA GR50
",-1,0.0,0.0
2021-01-25,IT,85a9d22cc876,20123,MILANO,MI,"
05 AST.RIBES NERO GR50
",-1,0.0,0.0
2021-01-25,IT,85a9d22cc876,20123,MILANO,MI,"
05 AST.ARANCIA MENTA GR50
",-1,0.0,0.0
2021-01-25,IT,85a9d22cc876,20123,MILANO,MI,"
05 AST.FIORI DI SAMBUCO GR50
",-1,0.0,0.0
2021-01-25,IT,85a9d22cc876,20123,MILANO,MI,"
05 AST.ERBE ALPINE GR50
",-1,0.0,0.0
2021-01-25,IT,85a9d22cc876,20123,MILANO,MI,"
05 AST.EUCALIPTOLO GR50
",-1,0.0,0.0
2021-01-25,IT,85a9d22cc876,20123,MILANO,MI,"
05 AST.LIQUIRIZIA GR50
",-1,0.0,0.0
2021-01-25,IT,85a9d22cc876,20123,MILANO,MI,"
05 AST.MENTA MONTAGNA GR50
",-1,0.0,0.0
2021-01-25,IT,85a9d22cc876,20123,MILANO,MI,"
05 AST.CARAMELLO MEL.D'ORO GR50
",-1,0.0,0.0
2021-01-25,IT,85a9d22cc876,20123,MILANO,MI,"
05 AST.AZ.GLACIALE MNT FORTE GR50
",-1,0.0,0.0
2021-01-25,IT,85a9d22cc876,20123,MILANO,MI,"
25 AST.AZ.GLACIAL LIMONE MNT GR50
",-1,0.0,0.0
2021-01-25,IT,85a9d22cc876,20123,MILANO,MI,"
24 FF-BUST C/Z ORGINAL GR25
",-1,0.0,0.0
2021-01-25,IT,85a9d22cc876,20123,MILANO,MI,"
SCATOLA LATTA SZ ERBE BALS.75GR X12
",1,22.2,22.2
2021-01-25,IT,85a9d22cc876,20123,MILANO,MI,"
Assolve gli obblighi di cui all art. 62 c.1, DL 24/01/2012 n. 1,
",-1,0.0,0.0
2021-01-25,IT,85a9d22cc876,20123,MILANO,MI,"
convertito, con modificazioni, dalla L. n. 27 del 24/03/2012
",-1,0.0,0.0
2021-01-25,IT,85a9d22cc876,20123,MILANO,MI,"
Contributo CONAI assolto ove dovuto
",-1,0.0,0.0
2022-12-10,IT,20fc5e44e16c,20129,MILANO,MI,PASTI CALDI DEL MESE DI NOVEMBRE,1,1480.3,1480.3
2022-12-10,IT,20fc5e44e16c,20129,MILANO,MI,Riga ausiliaria contenente informazioni tecniche e aggiuntive del documento,-1,0.0,0.0
2020-04-30,IT,3675e51cd12b,20151,Milano,MI,Security,-1,5.81,5.81
2020-02-29,IT,bfa43bf18608,20123,MILANO,MI,FR01 Crostatina marmellata mix 9 pz.,1,7.0,7.0
2020-02-29,IT,bfa43bf18608,20123,MILANO,MI,SAN02 SANDWICH INTEGRALE conf. singola,4,1.0,4.0
2020-02-29,IT,bfa43bf18608,20123,MILANO,MI,RO1C Roscerine Ct. da 9 pz,1,7.0,7.0
2020-02-29,IT,bfa43bf18608,20123,MILANO,MI,FR01 Crostatina marmellata mix 9 pz.,1,7.0,7.0
2020-02-29,IT,bfa43bf18608,20123,MILANO,MI,PA02/N PIADILLAS CLASSICA Ct da 10 conf. da 5 pz,1,17.5,17.5
2020-02-29,IT,bfa43bf18608,20123,MILANO,MI,PA02/N PIADILLAS CLASSICA Ct da 10 conf. da 5 pz,1,17.5,17.5
2020-02-29,IT,bfa43bf18608,20123,MILANO,MI,SAN SANWICH classico conf. singola,3,1.0,3.0
2020-02-29,IT,bfa43bf18608,20123,MILANO,MI,SAN02 SANDWICH INTEGRALE conf. singola,3,1.0,3.0
2020-02-29,IT,bfa43bf18608,20123,MILANO,MI,RO1C Roscerine Ct. da 9 pz,1,7.0,7.0
2024-09-09,IT,ac733fe14c11,25010,SIRMIONE,BS,DDT n. 013012/T - 09/09/2024,-1,0.0,0.0
2024-09-09,IT,ac733fe14c11,25010,SIRMIONE,BS,Rif. Ordine 014849 del 06/08/2024,-1,0.0,0.0
2024-09-09,IT,ac733fe14c11,25010,SIRMIONE,BS,RONCHEDONE 2021 vino rosso,12,11.0,132.0
2024-09-09,IT,ac733fe14c11,25010,SIRMIONE,BS,I FRATI Lugana DOC 2023 vino bianco,60,7.5,450.0
2024-09-09,IT,ac733fe14c11,25010,SIRMIONE,BS,ROSA dei FRATI vino rosato 2023,24,7.5,180.0
2024-09-09,IT,ac733fe14c11,25010,SIRMIONE,BS,Sconti finali - 5.00%,-1,-38.1,-38.1
2024-09-09,IT,ac733fe14c11,25010,SIRMIONE,BS,AL PIANO H 9/11.30+14.30/17.30,-1,0.0,0.0
2024-09-09,IT,ac733fe14c11,25010,SIRMIONE,BS,Corrispettivo comprensivo del Contributo ambientale Conai già assolto,-1,0.0,0.0
2022-06-30,IT,bfa43bf18608,20123,MILANO,MI,PIADILLAS CLASSICA Ct da 10 conf. da 5 pz,1,20.0,20.0
2022-06-30,IT,bfa43bf18608,20123,MILANO,MI,Roscerine Ct. da 9 pz,1,7.7,7.7
2022-06-30,IT,bfa43bf18608,20123,MILANO,MI,PIADILLAS CLASSICA Ct da 10 conf. da 5 pz,1,20.0,20.0
2022-06-30,IT,bfa43bf18608,20123,MILANO,MI,PIADILLAS CLASSICA Ct da 10 conf. da 5 pz,1,20.0,20.0
2022-10-24,IT,ac733fe14c11,25010,SIRMIONE,BS,DDT n. 014468/T - 24/10/2022,-1,0.0,0.0
2022-10-24,IT,ac733fe14c11,25010,SIRMIONE,BS,Rif. Ordine 019130 del 17/10/2022,-1,0.0,0.0
2022-10-24,IT,ac733fe14c11,25010,SIRMIONE,BS,I FRATI Lugana DOC 2021 vino bianco,60,6.9,414.0
2022-10-24,IT,ac733fe14c11,25010,SIRMIONE,BS,GRAPPA dei FRATI,1,15.0,15.0
2022-10-24,IT,ac733fe14c11,25010,SIRMIONE,BS,GRAPPA di AMARONE,1,18.0,18.0
2022-10-24,IT,ac733fe14c11,25010,SIRMIONE,BS,*********,-1,0.0,0.0
2022-10-24,IT,ac733fe14c11,25010,SIRMIONE,BS,DA PAGARE:,-1,0.0,0.0
2022-10-24,IT,ac733fe14c11,25010,SIRMIONE,BS,"Euro 552,15 (Fatt. 013188/T del 22/09/2022)",-1,0.0,0.0
2022-10-24,IT,ac733fe14c11,25010,SIRMIONE,BS,Sconti finali - 5.00%,-1,-22.35,-22.35
2022-10-24,IT,ac733fe14c11,25010,SIRMIONE,BS,AL PIANO H 7/11.30+15.30/18,-1,0.0,0.0
2022-10-24,IT,ac733fe14c11,25010,SIRMIONE,BS,Corrispettivo comprensivo del Contributo ambientale Conai già assolto,-1,0.0,0.0
2021-06-30,IT,bfa43bf18608,20123,MILANO,MI,PA02/N PIADILLAS CLASSICA Ct da 10 conf. da 5 pz,1,18.0,18.0
2021-06-30,IT,bfa43bf18608,20123,MILANO,MI,PA02/N PIADILLAS CLASSICA Ct da 10 conf. da 5 pz,1,18.0,18.0
2021-06-30,IT,bfa43bf18608,20123,MILANO,MI,PA02/N PIADILLAS CLASSICA Ct da 10 conf. da 5 pz,1,18.0,18.0
2024-11-14,IT,3f489c6c7c5e,29122,PIACENZA,PC,"*SCALDAVIVANDE TONDO 860083 LT.8 ELETTRICO PER ZUPPE
                                                                                                                                                   
",1,103.0,82.4
2023-03-31,IT,3ab2d8cf2a54,55047,SERAVEZZA,LU,COLLI E MARE 2020,12,12.9,154.8
2023-03-31,IT,3ab2d8cf2a54,55047,SERAVEZZA,LU,VIS VITAE 2019,6,21.0,126.0
2023-03-31,IT,3ab2d8cf2a54,55047,SERAVEZZA,LU,VINO LA COSTA 2019,6,24.0,144.0
2023-04-10,IT,20fc5e44e16c,20129,MILANO,MI,PASTI CALDI DEL MESE DI MARZO,1,2022.6,2022.6
2023-04-10,IT,20fc5e44e16c,20129,MILANO,MI,Riga ausiliaria contenente informazioni tecniche e aggiuntive del documento,-1,0.0,0.0
2022-11-30,IT,bfa43bf18608,20123,MILANO,MI,PIADILLAS CLASSICA Ct da 10 conf. da 5 pz,1,20.0,20.0
2022-11-30,IT,bfa43bf18608,20123,MILANO,MI,PIADILLAS CLASSICA Ct da 10 conf. da 5 pz,1,20.0,20.0
2022-11-30,IT,bfa43bf18608,20123,MILANO,MI,PIADILLAS CLASSICA Ct da 10 conf. da 5 pz,1,20.0,20.0
2023-11-10,IT,20fc5e44e16c,20129,MILANO,MI,PASTI CALDI DEL MESE DI OTTOBRE,1,2221.0,2221.0
2023-11-10,IT,20fc5e44e16c,20129,MILANO,MI,Riga ausiliaria contenente informazioni tecniche e aggiuntive del documento,-1,0.0,0.0
2021-05-31,IT,bfa43bf18608,20123,MILANO,MI,PA02/N PIADILLAS CLASSICA Ct da 10 conf. da 5 pz,1,18.0,18.0
2021-05-31,IT,bfa43bf18608,20123,MILANO,MI,PA02/N PIADILLAS CLASSICA Ct da 10 conf. da 5 pz,1,18.0,18.0
2023-09-30,IT,bfa43bf18608,20123,MILANO,MI,Piadillas classica Ct. da 9 conf. x 6 pz.,1,21.6,21.6
2023-09-30,IT,bfa43bf18608,20123,MILANO,MI,Piadillas classica Ct. da 9 conf. x 6 pz.,1,21.6,21.6
2022-10-10,IT,20fc5e44e16c,20129,MILANO,MI,PASTI CALDI DEL MESE DI SETTEMBRE,1,1243.6,1243.6
2022-10-10,IT,20fc5e44e16c,20129,MILANO,MI,Riga ausiliaria contenente informazioni tecniche e aggiuntive del documento,-1,0.0,0.0
2020-06-30,IT,bfa43bf18608,20123,MILANO,MI,PA02/N PIADILLAS CLASSICA Ct da 10 conf. da 5 pz,1,18.0,18.0
2020-10-31,IT,bfa43bf18608,20123,MILANO,MI,PA02/N PIADILLAS CLASSICA Ct da 10 conf. da 5 pz,1,18.0,18.0
2020-12-03,IT,20fc5e44e16c,20129,MILANO,MI,- PASTI CALDI DEL MESE DI OTTOBRE,1,777.8,777.8
2020-12-03,IT,20fc5e44e16c,20129,MILANO,MI,Riga ausiliaria contenente informazioni tecniche e aggiuntive del documento,-1,0.0,0.0
2021-02-28,IT,3675e51cd12b,20151,Milano,MI,Security,-1,5.81,5.81
2024-10-15,IT,1f6f8dc23c89,24050,BARIANO,BG,IN RIFERIMENTO ALLA FATTURA N. 23393/2024 DEL 08/10/2024,-1,0.0,0.0
2024-10-15,IT,1f6f8dc23c89,24050,BARIANO,BG,OCB CORTA DOPPIA NERA x 25 Pz.,2,12.85,20.78
2024-10-15,IT,1f6f8dc23c89,24050,BARIANO,BG,"IMPOSTA DI CONSUMO ALIQUOTA 0,0036",2,9.0,18.0
2024-10-15,IT,1f6f8dc23c89,24050,BARIANO,BG,RIZLA CORTE ARGENTO CARTINE x 100 Pz.  (A00015002),1,31.9,27.85
2024-10-15,IT,1f6f8dc23c89,24050,BARIANO,BG,"IMPOSTA DI CONSUMO ALIQUOTA 0,0036",1,18.0,18.0
2024-10-15,IT,1f6f8dc23c89,24050,BARIANO,BG,"FILTRI (CLASSIC) POPPATIPS 5,7 mm x 20 Pz. RIZLA  (C00004007)",2,22.95,29.68
2024-10-15,IT,1f6f8dc23c89,24050,BARIANO,BG,"IMPOSTA DI CONSUMO ALIQUOTA 0,0036",2,8.64,17.28
2024-10-15,IT,1f6f8dc23c89,24050,BARIANO,BG,RIZLA NATURA CORTA x 50 Pz.  (A00009002),1,15.95,14.07
2024-10-15,IT,1f6f8dc23c89,24050,BARIANO,BG,"IMPOSTA DI CONSUMO ALIQUOTA 0,0036",1,9.0,9.0
2024-10-15,IT,1f6f8dc23c89,24050,BARIANO,BG,FILTRI SMOKING CLASS ULTRA SLIM LONG x 30 Pz.,2,27.5,44.46
2024-10-15,IT,1f6f8dc23c89,24050,BARIANO,BG,"IMPOSTA DI CONSUMO ALIQUOTA 0,0036",2,12.96,25.92
2022-11-10,IT,20fc5e44e16c,20129,MILANO,MI,PASTI CALDI DEL MESE DI OTTOBRE,1,1475.6,1475.6
2022-11-10,IT,20fc5e44e16c,20129,MILANO,MI,Riga ausiliaria contenente informazioni tecniche e aggiuntive del documento,-1,0.0,0.0
2021-09-30,IT,bfa43bf18608,20123,MILANO,MI,PA02/N PIADILLAS CLASSICA Ct da 10 conf. da 5 pz,1,18.27,18.27
2021-09-30,IT,bfa43bf18608,20123,MILANO,MI,PA02/N PIADILLAS CLASSICA Ct da 10 conf. da 5 pz,1,18.27,18.27
2021-09-30,IT,bfa43bf18608,20123,MILANO,MI,PA02/N PIADILLAS CLASSICA Ct da 10 conf. da 5 pz,1,18.27,18.27
2021-09-30,IT,bfa43bf18608,20123,MILANO,MI,PA02/N PIADILLAS CLASSICA Ct da 10 conf. da 5 pz,1,18.27,18.27
2021-04-30,IT,3675e51cd12b,20151,Milano,MI,Security,-1,5.81,5.81
2021-07-31,IT,bfa43bf18608,20123,MILANO,MI,PA02/N PIADILLAS CLASSICA Ct da 10 conf. da 5 pz,1,18.0,18.0
2022-03-10,IT,20fc5e44e16c,20129,MILANO,MI,PASTI CALDI DEL MESE DI FEBBRAIO,1,1158.8,1158.8
2022-03-10,IT,20fc5e44e16c,20129,MILANO,MI,Riga ausiliaria contenente informazioni tecniche e aggiuntive del documento,-1,0.0,0.0
2023-08-31,IT,bfa43bf18608,20123,MILANO,MI,Piadillas classica Ct. da 9 conf. x 6 pz.,1,21.6,21.6
2022-09-30,IT,bfa43bf18608,20123,MILANO,MI,PIADILLAS CLASSICA Ct da 10 conf. da 5 pz,1,20.0,20.0
2022-09-30,IT,bfa43bf18608,20123,MILANO,MI,PIADILLAS CLASSICA Ct da 10 conf. da 5 pz,1,20.0,20.0
2022-09-30,IT,bfa43bf18608,20123,MILANO,MI,PIADILLAS CLASSICA Ct da 10 conf. da 5 pz,1,20.0,20.0
2022-09-30,IT,bfa43bf18608,20123,MILANO,MI,PIADILLAS CLASSICA Ct da 10 conf. da 5 pz,1,20.0,20.0
2023-07-31,IT,bfa43bf18608,20123,MILANO,MI,Piadillas classica Ct. da 9 conf. x 6 pz.,1,21.6,21.6
2021-05-31,IT,3675e51cd12b,20151,Milano,MI,Security,-1,5.81,5.81
2022-06-03,IT,ac733fe14c11,25010,SIRMIONE,BS,DDT n. 007111/T - 03/06/2022,-1,0.0,0.0
2022-06-03,IT,ac733fe14c11,25010,SIRMIONE,BS,Rif. Ordine 009857 del 01/06/2022,-1,0.0,0.0
2022-06-03,IT,ac733fe14c11,25010,SIRMIONE,BS,I FRATI Lugana DOC 2021 vino bianco,12,6.9,82.8
2022-06-03,IT,ac733fe14c11,25010,SIRMIONE,BS,PRATTO 2020 vino bianco,6,10.0,60.0
2022-06-03,IT,ac733fe14c11,25010,SIRMIONE,BS,RONCHEDONE 2019 vino rosso,6,9.7,58.2
2022-06-03,IT,ac733fe14c11,25010,SIRMIONE,BS,ROSA dei FRATI vino rosato 2021,36,6.9,248.4
2022-06-03,IT,ac733fe14c11,25010,SIRMIONE,BS,Sconti finali - 5.00%,-1,-22.47,-22.47
2022-06-03,IT,ac733fe14c11,25010,SIRMIONE,BS,AL PIANO H 7/11.30+15.30/18,-1,0.0,0.0
2022-06-03,IT,ac733fe14c11,25010,SIRMIONE,BS,Corrispettivo comprensivo del Contributo ambientale Conai già assolto,-1,0.0,0.0
2023-12-31,IT,bfa43bf18608,20123,MILANO,MI,Piadillas classica Ct. da 9 conf. x 6 pz.,1,21.6,21.6
2021-11-16,IT,1237d92cb81b,14046,MOMBARUZZO,AT,VALDAVI GR40 CL70 ITALIA,6,11.7261,70.36
2021-11-16,IT,1237d92cb81b,14046,MOMBARUZZO,AT,ACCISE-ALCOLE-GRAPPE-LIQUORI,0,1035.52,17.4
2021-11-16,IT,1237d92cb81b,14046,MOMBARUZZO,AT,"CONTRASSEGNI-TIPO C FINO A 0,70 L",6,0.047,0.28
2021-11-16,IT,1237d92cb81b,14046,MOMBARUZZO,AT,MONPRA INVECCHIATA GR40 CL70 ITALIA,6,11.9261,71.56
2021-11-16,IT,1237d92cb81b,14046,MOMBARUZZO,AT,ACCISE-ALCOLE-GRAPPE-LIQUORI,0,1035.52,17.4
2021-11-16,IT,1237d92cb81b,14046,MOMBARUZZO,AT,"CONTRASSEGNI-TIPO C FINO A 0,70 L",6,0.047,0.28
2021-11-16,IT,1237d92cb81b,14046,MOMBARUZZO,AT,L ANGELO INVECCH GR40 CL70 ITALIA,6,11.9261,71.56
2021-11-16,IT,1237d92cb81b,14046,MOMBARUZZO,AT,ACCISE-ALCOLE-GRAPPE-LIQUORI,0,1035.52,17.4
2021-11-16,IT,1237d92cb81b,14046,MOMBARUZZO,AT,"CONTRASSEGNI-TIPO C FINO A 0,70 L",6,0.047,0.28
2021-11-16,IT,1237d92cb81b,14046,MOMBARUZZO,AT,TRE SOLI TRE COF GR43 CL70 ITALIA,2,54.0,108.0
2021-11-16,IT,1237d92cb81b,14046,MOMBARUZZO,AT,ACCISE-ALCOLE-GRAPPE-LIQUORI,0,1035.52,6.23
2021-11-16,IT,1237d92cb81b,14046,MOMBARUZZO,AT,"CONTRASSEGNI-TIPO C FINO A 0,70 L",2,0.047,0.09
2021-11-16,IT,1237d92cb81b,14046,MOMBARUZZO,AT,RONDENA GRAP AMARONE RIS. GR43 CL70 IT,2,51.0,102.0
2021-11-16,IT,1237d92cb81b,14046,MOMBARUZZO,AT,ACCISE-ALCOLE-GRAPPE-LIQUORI,0,1035.52,6.23
2021-11-16,IT,1237d92cb81b,14046,MOMBARUZZO,AT,"CONTRASSEGNI-TIPO C FINO A 0,70 L",2,0.047,0.09
2021-11-16,IT,1237d92cb81b,14046,MOMBARUZZO,AT,Sconto,-1,-21.17,-21.17
2021-11-16,IT,1237d92cb81b,14046,MOMBARUZZO,AT,Riga ausiliaria contenente informazioni tecniche e aggiuntive del documento,-1,0.0,0.0
2023-02-10,IT,20fc5e44e16c,20129,MILANO,MI,PASTI CALDI DEL MESE DI GENNAIO,1,1522.6,1522.6
2023-02-10,IT,20fc5e44e16c,20129,MILANO,MI,Riga ausiliaria contenente informazioni tecniche e aggiuntive del documento,-1,0.0,0.0
2023-01-13,IT,1fc6a7889039,56046,Riparbella,PI,COLLINE ALBELLE INBIANCO 2021,6,11.0,66.0
2023-01-13,IT,1fc6a7889039,56046,Riparbella,PI,COLLINE ALBELLE INROSSO 2020,6,11.0,66.0
2020-06-30,IT,3675e51cd12b,20151,Milano,MI,Security,-1,5.81,5.81
2023-01-31,IT,bfa43bf18608,20123,MILANO,MI,PIADILLAS CLASSICA Ct da 10 conf. da 5 pz,1,20.0,20.0
2023-01-31,IT,bfa43bf18608,20123,MILANO,MI,Piadillas classica Ct. da 9 conf. x 6 pz.,1,20.0,20.0
2023-01-31,IT,bfa43bf18608,20123,MILANO,MI,Piadillas classica Ct. da 9 conf. x 6 pz.,1,20.0,20.0
2024-11-30,IT,bfa43bf18608,20123,MILANO,MI,Piadillas classica Ct. da 9 conf. x 6 pz.,1,21.6,21.6
2023-05-31,IT,bfa43bf18608,20123,MILANO,MI,Piadillas classica Ct. da 9 conf. x 6 pz.,1,21.6,21.6
2023-05-31,IT,bfa43bf18608,20123,MILANO,MI,Piadillas classica Ct. da 9 conf. x 6 pz.,1,21.6,21.6
2023-05-31,IT,bfa43bf18608,20123,MILANO,MI,Piadillas classica Ct. da 9 conf. x 6 pz.,1,21.6,21.6
2022-11-26,IT,4935c7cc4258,20146,Milano,MI,SUZUKI EG395PJ,-1,0.0,0.0
2022-11-26,IT,4935c7cc4258,20146,Milano,MI,PNEUM. 205/60R16 92V ALL SEASON PIRELLI,4,130.738,522.95
2022-11-26,IT,4935c7cc4258,20146,Milano,MI,CONTR.AMBIENTALE PFU ART.228 DLgs.152/06 DM 82/2011 CAT. AUTO,4,2.459,9.84
2023-09-10,IT,20fc5e44e16c,20129,MILANO,MI,PASTI CALDI DEL MESE DI AGOSTO,1,139.3,139.3
2023-09-10,IT,20fc5e44e16c,20129,MILANO,MI,Riga ausiliaria contenente informazioni tecniche e aggiuntive del documento,-1,0.0,0.0
2022-03-31,IT,bfa43bf18608,20123,MILANO,MI,PIADILLAS CLASSICA Ct da 10 conf. da 5 pz,1,20.0,20.0
2022-03-31,IT,bfa43bf18608,20123,MILANO,MI,Roscerine Ct. da 9 pz,2,7.0,14.0
2022-03-31,IT,bfa43bf18608,20123,MILANO,MI,PIADILLAS CLASSICA Ct da 10 conf. da 5 pz,1,20.0,20.0
2022-03-31,IT,bfa43bf18608,20123,MILANO,MI,Roscerine Ct. da 9 pz,1,7.0,7.0
2024-10-25,IT,1237d92cb81b,14046,MOMBARUZZO,AT,MONTEACUTO INV LATTA GR42 CL70 ITALIA,3,32.75,98.25
2024-10-25,IT,1237d92cb81b,14046,MOMBARUZZO,AT,ACCISE-ALCOLE-GRAPPE-LIQUORI,0,1035.52,9.13
2024-10-25,IT,1237d92cb81b,14046,MOMBARUZZO,AT,"CONTRASSEGNI-TIPO C FINO A 0,70 L",3,0.047,0.14
2024-10-25,IT,1237d92cb81b,14046,MOMBARUZZO,AT,NIZZA N.V.GR43 CL70 ITALIA,3,28.52,85.56
2024-10-25,IT,1237d92cb81b,14046,MOMBARUZZO,AT,ACCISE-ALCOLE-GRAPPE-LIQUORI,0,1035.52,9.35
2024-10-25,IT,1237d92cb81b,14046,MOMBARUZZO,AT,"CONTRASSEGNI-TIPO C FINO A 0,70 L",3,0.047,0.14
2024-10-25,IT,1237d92cb81b,14046,MOMBARUZZO,AT,VILLAPRATO GIOVANE GR40 CL100 ITA,6,14.18,85.08
2024-10-25,IT,1237d92cb81b,14046,MOMBARUZZO,AT,ACCISE-ALCOLE-GRAPPE-LIQUORI,0,1035.52,24.85
2024-10-25,IT,1237d92cb81b,14046,MOMBARUZZO,AT,CONTRASSEGNI-TIPO C FINO A 1 L,6,0.047,0.28
2024-10-25,IT,1237d92cb81b,14046,MOMBARUZZO,AT,VILLAPRATO INVECCH GR40 CL100 ITA,6,14.18,85.08
2024-10-25,IT,1237d92cb81b,14046,MOMBARUZZO,AT,ACCISE-ALCOLE-GRAPPE-LIQUORI,0,1035.52,24.85
2024-10-25,IT,1237d92cb81b,14046,MOMBARUZZO,AT,CONTRASSEGNI-TIPO C FINO A 1 L,6,0.047,0.28
2024-10-25,IT,1237d92cb81b,14046,MOMBARUZZO,AT,ELISI GR43 CL50 ITALIA,6,15.23,91.38
2024-10-25,IT,1237d92cb81b,14046,MOMBARUZZO,AT,ACCISE-ALCOLE-GRAPPE-LIQUORI,0,1035.52,13.36
2024-10-25,IT,1237d92cb81b,14046,MOMBARUZZO,AT,"CONTRASSEGNI-TIPO C FINO A 0,50 L",6,0.047,0.28
2024-10-25,IT,1237d92cb81b,14046,MOMBARUZZO,AT,IL28 GR30 CL70 ITA,6,16.32,97.92
2024-10-25,IT,1237d92cb81b,14046,MOMBARUZZO,AT,ACCISE-ALCOLE-GRAPPE-LIQUORI,0,1035.52,13.05
2024-10-25,IT,1237d92cb81b,14046,MOMBARUZZO,AT,"CONTRASSEGNI-TIPO C FINO A 0,70 L",6,0.047,0.28
2024-10-25,IT,1237d92cb81b,14046,MOMBARUZZO,AT,SAMBUCA DIANISE SELEZ GR40CL70 ITA,12,16.73,200.76
2024-10-25,IT,1237d92cb81b,14046,MOMBARUZZO,AT,ACCISE-ALCOLE-GRAPPE-LIQUORI,0,1035.52,34.79
2024-10-25,IT,1237d92cb81b,14046,MOMBARUZZO,AT,"CONTRASSEGNI-TIPO C FINO A 0,70 L",12,0.047,0.56
2024-10-25,IT,1237d92cb81b,14046,MOMBARUZZO,AT,ASSENZIO FAVOLAMIA SELEZ GR42CL70 ITA,2,15.73,31.46
2024-10-25,IT,1237d92cb81b,14046,MOMBARUZZO,AT,ACCISE-ALCOLE-GRAPPE-LIQUORI,0,1035.52,6.09
2024-10-25,IT,1237d92cb81b,14046,MOMBARUZZO,AT,"CONTRASSEGNI-TIPO C FINO A 0,70 L",2,0.047,0.09
2024-10-25,IT,1237d92cb81b,14046,MOMBARUZZO,AT,BOTTIG.AMARETTO DIMO. GR28 CL70 ITA,1,14.46,14.46
2024-10-25,IT,1237d92cb81b,14046,MOMBARUZZO,AT,ACCISE-ALCOLE-GRAPPE-LIQUORI,0,1035.52,2.03
2024-10-25,IT,1237d92cb81b,14046,MOMBARUZZO,AT,"CONTRASSEGNI-TIPO C FINO A 0,70 L",1,0.047,0.05
2024-10-25,IT,1237d92cb81b,14046,MOMBARUZZO,AT,CL150 MAGN.AMARETTO DIMOMBAR.GR28 IT,1,41.09,41.09
2024-10-25,IT,1237d92cb81b,14046,MOMBARUZZO,AT,ACCISE-ALCOLE-GRAPPE-LIQUORI,0,1035.52,4.35
2024-10-25,IT,1237d92cb81b,14046,MOMBARUZZO,AT,"CONTRASSEGNI-TIPO C FINO A 1,5 L",1,0.047,0.05
2024-10-25,IT,1237d92cb81b,14046,MOMBARUZZO,AT,TRE SOLI TRE COF GR43 CL70 ITALIA,2,65.0,130.0
2024-10-25,IT,1237d92cb81b,14046,MOMBARUZZO,AT,ACCISE-ALCOLE-GRAPPE-LIQUORI,0,1035.52,6.23
2024-10-25,IT,1237d92cb81b,14046,MOMBARUZZO,AT,"CONTRASSEGNI-TIPO C FINO A 0,70 L",2,0.047,0.09
2024-10-25,IT,1237d92cb81b,14046,MOMBARUZZO,AT,RONDENA GRAP AMARONE RIS. GR43 CL70 IT,2,62.0,124.0
2024-10-25,IT,1237d92cb81b,14046,MOMBARUZZO,AT,ACCISE-ALCOLE-GRAPPE-LIQUORI,0,1035.52,6.23
2024-10-25,IT,1237d92cb81b,14046,MOMBARUZZO,AT,"CONTRASSEGNI-TIPO C FINO A 0,70 L",2,0.047,0.09
2024-10-25,IT,1237d92cb81b,14046,MOMBARUZZO,AT,Sconto,-1,-54.25,-54.25
2024-10-25,IT,1237d92cb81b,14046,MOMBARUZZO,AT,Riga ausiliaria contenente informazioni tecniche e aggiuntive del documento,-1,0.0,0.0
2024-04-17,IT,b35405fa04ce,39040,TRAMIN AN DER WEINSTRAßE,BZ,T Cuvée Bianco Vigneti delle Dolomiti IGT 2023,60,6.05,348.48
2024-04-17,IT,b35405fa04ce,39040,TRAMIN AN DER WEINSTRAßE,BZ,T Cuvée Rosé Vigneti delle Dolomiti IGT 2023,12,6.05,0.0
2024-04-17,IT,b35405fa04ce,39040,TRAMIN AN DER WEINSTRAßE,BZ,GRAPPA NUSSBAUMER 2019,1,19.9,19.1
2023-06-30,IT,bfa43bf18608,20123,MILANO,MI,Piadillas classica Ct. da 9 conf. x 6 pz.,1,21.6,21.6
2023-06-30,IT,bfa43bf18608,20123,MILANO,MI,Piadillas classica Ct. da 9 conf. x 6 pz.,1,21.5,21.5
2021-11-10,IT,20fc5e44e16c,20129,MILANO,MI,PASTI CALDI DEL MESE DI OTTOBRE,1,1349.5,1349.5
2021-11-10,IT,20fc5e44e16c,20129,MILANO,MI,Riga ausiliaria contenente informazioni tecniche e aggiuntive del documento,-1,0.0,0.0
2023-05-10,IT,20fc5e44e16c,20129,MILANO,MI,PASTI CALDI DEL MESE DI APRILE,1,1400.6,1400.6
2023-05-10,IT,20fc5e44e16c,20129,MILANO,MI,Riga ausiliaria contenente informazioni tecniche e aggiuntive del documento,-1,0.0,0.0
2021-11-30,IT,bfa43bf18608,20123,MILANO,MI,Roscerine Ct. da 20 pz,1,15.0,15.0
2021-11-30,IT,bfa43bf18608,20123,MILANO,MI,PIADILLAS CLASSICA Ct da 10 conf. da 5 pz,1,18.27,18.27
2021-11-30,IT,bfa43bf18608,20123,MILANO,MI,ROSCERINA MIX CONF 12 PZ,1,8.5,8.5
2021-11-30,IT,bfa43bf18608,20123,MILANO,MI,Crostatina marmellata mix 9 pz.,1,7.0,7.0
2021-11-30,IT,bfa43bf18608,20123,MILANO,MI,PIADILLAS CLASSICA Ct da 10 conf. da 5 pz,1,18.27,18.27
2024-03-13,IT,b35405fa04ce,39040,TRAMIN AN DER WEINSTRAßE,BZ,T Cuvée Bianco Vigneti delle Dolomiti IGT 2023,42,6.05,243.94
2024-03-13,IT,b35405fa04ce,39040,TRAMIN AN DER WEINSTRAßE,BZ,T Cuvée Bianco Vigneti delle Dolomiti IGT 2023,6,6.05,0.0
2024-03-13,IT,b35405fa04ce,39040,TRAMIN AN DER WEINSTRAßE,BZ,T Cuvée Rosé Vigneti delle Dolomiti IGT 2023,18,6.05,104.54
2024-03-13,IT,b35405fa04ce,39040,TRAMIN AN DER WEINSTRAßE,BZ,T Cuvée Rosso Vigneti delle Dolomiti IGT 2023,6,6.05,0.0
2020-09-07,IT,85a9d22cc876,20123,MILANO,MI, RICOLA TOGETHER2 X100+24FF ,1,140.0,119.7
2020-09-07,IT,85a9d22cc876,20123,MILANO,MI, Ogni cartone contiene: ,-1,0.0,0.0
2020-09-07,IT,85a9d22cc876,20123,MILANO,MI, n.1 Expo 60 ast.precaricato ,-1,0.0,0.0
2020-09-07,IT,85a9d22cc876,20123,MILANO,MI, n.2 ct ASTUCCI DA 20pz. cad. ,-1,0.0,0.0
2020-09-07,IT,85a9d22cc876,20123,MILANO,MI, +in omaggio 1ct FF-BUST CZ 25G OR. ,-1,0.0,0.0
2020-09-07,IT,85a9d22cc876,20123,MILANO,MI, ----------------------------------- ,-1,0.0,0.0
2020-09-07,IT,85a9d22cc876,20123,MILANO,MI, Dettaglio prodotti: ,-1,0.0,0.0
2020-09-07,IT,85a9d22cc876,20123,MILANO,MI, 05 AST.ERBE BALSAMICHE GR50 ,-1,0.0,0.0
2020-09-07,IT,85a9d22cc876,20123,MILANO,MI, 25 AST.MELIS-LIMONCELLA GR50 ,-1,0.0,0.0
2020-09-07,IT,85a9d22cc876,20123,MILANO,MI, 05 AST.RIBES NERO GR50 ,-1,0.0,0.0
2020-09-07,IT,85a9d22cc876,20123,MILANO,MI, 05 AST.ARANCIA MENTA GR50 ,-1,0.0,0.0
2020-09-07,IT,85a9d22cc876,20123,MILANO,MI, 05 AST.FIORI DI SAMBUCO GR50 ,-1,0.0,0.0
2020-09-07,IT,85a9d22cc876,20123,MILANO,MI, 05 AST.OLIVELLO GR50 ,-1,0.0,0.0
2020-09-07,IT,85a9d22cc876,20123,MILANO,MI, 05 AST.ERBE ALPINE GR50 ,-1,0.0,0.0
2020-09-07,IT,85a9d22cc876,20123,MILANO,MI, 05 AST.EUCALIPTOLO GR50 ,-1,0.0,0.0
2020-09-07,IT,85a9d22cc876,20123,MILANO,MI, 05 AST.LIQUIRIZIA GR50 ,-1,0.0,0.0
2020-09-07,IT,85a9d22cc876,20123,MILANO,MI, 05 AST.MENTA MONTAGNA GR50 ,-1,0.0,0.0
2020-09-07,IT,85a9d22cc876,20123,MILANO,MI, 05 AST.CARAMELLO MEL.D'ORO GR50 ,-1,0.0,0.0
2020-09-07,IT,85a9d22cc876,20123,MILANO,MI, 05 AST.AZ.GLACIALE MNT ,-1,0.0,0.0
2020-09-07,IT,85a9d22cc876,20123,MILANO,MI, 24 FF-BUST C/Z ORGINAL GR25 ,-1,0.0,0.0
2020-09-07,IT,85a9d22cc876,20123,MILANO,MI," Assolve gli obblighi di cui all art. 62 c.1, DL 24/01/2012 n. 1, ",-1,0.0,0.0
2020-09-07,IT,85a9d22cc876,20123,MILANO,MI," convertito, con modificazioni, dalla L. n. 27 del 24/03/2012 ",-1,0.0,0.0
2020-09-07,IT,85a9d22cc876,20123,MILANO,MI, Contributo CONAI assolto ove dovuto ,-1,0.0,0.0
2020-01-31,IT,bfa43bf18608,20123,MILANO,MI,PA02/N PIADILLAS CLASSICA Ct da 10 conf. da 5 pz,1,17.5,17.5
2020-01-31,IT,bfa43bf18608,20123,MILANO,MI,PI03/N PIADILLAS INTEGRALE Ct da 8 conf. da 5 pz,1,14.5,14.5
2020-01-31,IT,bfa43bf18608,20123,MILANO,MI,SAN02 SANDWICH INTEGRALE conf. singola,2,1.0,2.0
2020-01-31,IT,bfa43bf18608,20123,MILANO,MI,SAN02 SANDWICH INTEGRALE conf. singola,2,1.0,2.0
2020-01-31,IT,bfa43bf18608,20123,MILANO,MI,RO1C Roscerine Ct. da 9 pz,1,7.0,7.0
2020-01-31,IT,bfa43bf18608,20123,MILANO,MI,PA02/N PIADILLAS CLASSICA Ct da 10 conf. da 5 pz,1,17.5,17.5
2020-01-31,IT,bfa43bf18608,20123,MILANO,MI,RO1C Roscerine Ct. da 9 pz,1,7.0,7.0
2020-01-31,IT,bfa43bf18608,20123,MILANO,MI,SAN02 SANDWICH INTEGRALE conf. singola,3,1.0,3.0
2020-01-31,IT,bfa43bf18608,20123,MILANO,MI,SAN02 SANDWICH INTEGRALE conf. singola,2,1.0,2.0
2020-01-31,IT,bfa43bf18608,20123,MILANO,MI,FR01 Crostatina marmellata mix 9 pz.,1,7.0,7.0
2020-01-31,IT,bfa43bf18608,20123,MILANO,MI,PA02/N PIADILLAS CLASSICA Ct da 10 conf. da 5 pz,1,17.5,17.5
2020-01-31,IT,bfa43bf18608,20123,MILANO,MI,RO1C Roscerine Ct. da 9 pz,1,7.0,7.0
2020-08-31,IT,3675e51cd12b,20151,Milano,MI,Security,-1,5.81,5.81
2024-01-15,IT,ac733fe14c11,25010,SIRMIONE,BS,DDT n. 000475/T - 15/01/2024,-1,0.0,0.0
2024-01-15,IT,ac733fe14c11,25010,SIRMIONE,BS,Rif. Ordine 000409 del 10/01/2024,-1,0.0,0.0
2024-01-15,IT,ac733fe14c11,25010,SIRMIONE,BS,GRAPPA di AMARONE,2,20.0,40.0
2024-01-15,IT,ac733fe14c11,25010,SIRMIONE,BS,CUVEE' dei FRATI Brut VSQ bianco M.class,18,11.5,207.0
2024-01-15,IT,ac733fe14c11,25010,SIRMIONE,BS,I FRATI Lugana DOC 2022 vino bianco,30,7.5,225.0
2024-01-15,IT,ac733fe14c11,25010,SIRMIONE,BS,RONCHEDONE 2021 vino rosso,12,11.0,132.0
2024-01-15,IT,ac733fe14c11,25010,SIRMIONE,BS,Sconti finali - 5.00%,-1,-30.2,-30.2
2024-01-15,IT,ac733fe14c11,25010,SIRMIONE,BS,AL PIANO H 9/11.30+14.30/17.30,-1,0.0,0.0
2024-01-15,IT,ac733fe14c11,25010,SIRMIONE,BS,Corrispettivo comprensivo del Contributo ambientale Conai già assolto,-1,0.0,0.0
